FileName,Label,FileContent
AbortConnectorCreationStrokeHandler.java,eclipse-ui,"['org', 'eclips', 'gef', 'mvc', 'fx', 'behavior', 'abstract', 'behavior', 'org', 'eclips', 'gef', 'mvc', 'fx', 'handler', 'ion', 'stroke', 'handler', 'javafx', 'scene', 'input', 'key', 'code', 'javafx', 'scene', 'input', 'key', 'event', 'se', 'kau', 'cs', 'jittac', 'eclips', 'ui', 'model', 'item', 'creation', 'model', 'se', 'kau', 'cs', 'jittac', 'eclipse', 'ui', 'policies']"
AbstractArchitectureElement.java,architecture-model,"['util', 'uuid', 'se', 'kau', 'cs', 'jittac', 'model', 'am']"
AbstractArchitectureMappingChangeListener.java,resource-mapping,"['se', 'kau', 'cs', 'jittac', 'model', 'mapping', 'events']"
AbstractArchitectureModelChangeListener.java,architecture-model,"['se', 'kau', 'cs', 'jittac', 'model', 'am', 'events']"
AbstractBuildEventListener.java,impl-model,"['se', 'kau', 'cs', 'jittac', 'model', 'im', 'events']"
AbstractJittacProject.java,resource-mapping,"['se', 'kau', 'cs', 'jittac', 'model', 'mapping']"
AbstractJittacResource.java,resource-mapping,"['se', 'kau', 'cs', 'jittac', 'model', 'mapping']"
AbstractMappableElement.java,resource-mapping,"['se', 'kau', 'cs', 'jittac', 'model', 'mapping']"
Activator.java,eclipse-main,"['org', 'eclips', 'jdt', 'core', 'java', 'core', 'is', 'java', 'like', 'file', 'name', 'net', 'url', 'util', 'hash', 'map', 'util', 'map', 'org', 'eclips', 'core', 'resourc', 'iproject', 'org', 'eclips', 'core', 'resourc', 'iresourc', 'org', 'eclips', 'ui', 'plugin', 'abstract', 'uiplugin', 'org', 'osgi', 'framework', 'bundl', 'context', 'com', 'googl', 'common', 'base', 'predic', 'se', 'kau', 'cs', 'jittac', 'eclips', 'builder', 'jdt', 'jdtimplement', 'model', 'factori', 'se', 'kau', 'cs', 'jittac', 'model', 'im', 'implement', 'model', 'factori', 'registri', 'se', 'kau', 'cs', 'jittac', 'model', 'map', 'jittac', 'resourc', 'model', 'registri', 'se', 'kau', 'cs', 'jittac', 'model', 'map', 'eclips', 'eclips', 'jittac', 'resourc', 'factori', 'se', 'kau', 'cs', 'jittac', 'eclipse']"
ArchitectureMapping.java,resource-mapping,"['util', 'array', 'list', 'util', 'hash', 'set', 'util', 'list', 'util', 'map', 'util', 'set', 'org', 'apach', 'common', 'collect', 'map', 'hash', 'map', 'se', 'kau', 'cs', 'jittac', 'model', 'am', 'architectur', 'model', 'se', 'kau', 'cs', 'jittac', 'model', 'am', 'compon', 'se', 'kau', 'cs', 'jittac', 'model', 'am', 'event', 'abstract', 'architectur', 'model', 'chang', 'listen', 'se', 'kau', 'cs', 'jittac', 'model', 'am', 'event', 'compon', 'remov', 'event', 'se', 'kau', 'cs', 'jittac', 'model', 'map', 'event', 'architectur', 'map', 'chang', 'event', 'se', 'kau', 'cs', 'jittac', 'model', 'map', 'event', 'iarchitectur', 'map', 'chang', 'listen', 'se', 'kau', 'cs', 'jittac', 'model', 'map', 'event', 'manag', 'project', 'ad', 'event', 'se', 'kau', 'cs', 'jittac', 'model', 'map', 'event', 'manag', 'project', 'remov', 'event', 'se', 'kau', 'cs', 'jittac', 'model', 'map', 'event', 'map', 'addit', 'event', 'se', 'kau', 'cs', 'jittac', 'model', 'map', 'event', 'map', 'remov', 'event', 'se', 'kau', 'cs', 'jittac', 'model', 'mapping']"
ArchitectureMappingChangeEvent.java,resource-mapping,"['se', 'kau', 'cs', 'jittac', 'model', 'map', 'architectur', 'map', 'se', 'kau', 'cs', 'jittac', 'model', 'mapping', 'events']"
ArchitectureModel.java,architecture-model,"['util', 'array', 'list', 'util', 'hash', 'set', 'util', 'list', 'util', 'map', 'util', 'set', 'util', 'uuid', 'org', 'apach', 'common', 'collect', 'map', 'hash', 'map', 'com', 'sun', 'xml', 'intern', 'ws', 'polici', 'privateutil', 'polici', 'util', 'collect', 'se', 'kau', 'cs', 'jittac', 'model', 'am', 'event', 'architectur', 'model', 'chang', 'event', 'se', 'kau', 'cs', 'jittac', 'model', 'am', 'event', 'compon', 'addit', 'event', 'se', 'kau', 'cs', 'jittac', 'model', 'am', 'event', 'compon', 'name', 'chang', 'event', 'se', 'kau', 'cs', 'jittac', 'model', 'am', 'event', 'compon', 'remov', 'event', 'se', 'kau', 'cs', 'jittac', 'model', 'am', 'event', 'connector', 'addit', 'event', 'se', 'kau', 'cs', 'jittac', 'model', 'am', 'event', 'connector', 'refer', 'ad', 'event', 'se', 'kau', 'cs', 'jittac', 'model', 'am', 'event', 'connector', 'refer', 'remov', 'event', 'se', 'kau', 'cs', 'jittac', 'model', 'am', 'event', 'connector', 'remov', 'event', 'se', 'kau', 'cs', 'jittac', 'model', 'am', 'event', 'connector', 'state', 'chang', 'event', 'se', 'kau', 'cs', 'jittac', 'model', 'am', 'event', 'iarchitectur', 'model', 'chang', 'listen', 'se', 'kau', 'cs', 'jittac', 'model', 'am', 'event', 'iarchitectur', 'model', 'visitor', 'se', 'kau', 'cs', 'jittac', 'model', 'im', 'iimplement', 'model', 'se', 'kau', 'cs', 'jittac', 'model', 'im', 'iimplement', 'model', 'element', 'se', 'kau', 'cs', 'jittac', 'model', 'im', 'ixrefer', 'se', 'kau', 'cs', 'jittac', 'model', 'im', 'implement', 'model', 'partit', 'se', 'kau', 'cs', 'jittac', 'model', 'im', 'event', 'iimplement', 'chang', 'listen', 'se', 'kau', 'cs', 'jittac', 'model', 'im', 'event', 'xrefer', 'chang', 'delta', 'event', 'se', 'kau', 'cs', 'jittac', 'model', 'map', 'architectur', 'map', 'se', 'kau', 'cs', 'jittac', 'model', 'map', 'ijittac', 'project', 'se', 'kau', 'cs', 'jittac', 'model', 'map', 'imapp', 'element', 'se', 'kau', 'cs', 'jittac', 'model', 'map', 'event', 'abstract', 'architectur', 'map', 'chang', 'listen', 'se', 'kau', 'cs', 'jittac', 'model', 'map', 'event', 'manag', 'project', 'ad', 'event', 'se', 'kau', 'cs', 'jittac', 'model', 'map', 'event', 'manag', 'project', 'remov', 'event', 'se', 'kau', 'cs', 'jittac', 'model', 'map', 'event', 'map', 'addit', 'event', 'se', 'kau', 'cs', 'jittac', 'model', 'map', 'event', 'map', 'remov', 'event', 'se', 'kau', 'cs', 'jittac', 'model', 'am']"
ArchitectureModelAnchorProvider.java,eclipse-ui,"['org', 'eclips', 'gef', 'common', 'adapt', 'iadapt', 'org', 'eclips', 'gef', 'fx', 'anchor', 'dynam', 'anchor', 'org', 'eclips', 'gef', 'fx', 'anchor', 'dynam', 'anchor', 'anchorag', 'refer', 'geometri', 'org', 'eclips', 'gef', 'fx', 'anchor', 'ianchor', 'org', 'eclips', 'gef', 'geometri', 'planar', 'igeometri', 'org', 'eclips', 'gef', 'mvc', 'fx', 'part', 'ivisu', 'part', 'com', 'googl', 'common', 'reflect', 'type', 'token', 'com', 'googl', 'inject', 'provid', 'javafx', 'bean', 'bind', 'object', 'bind', 'javafx', 'bean', 'properti', 'read', 'onli', 'object', 'properti', 'javafx', 'scene', 'node', 'se', 'kau', 'cs', 'jittac', 'eclipse', 'ui', 'parts']"
ArchitectureModelChangeEvent.java,architecture-model,"['se', 'kau', 'cs', 'jittac', 'model', 'am', 'architectur', 'model', 'se', 'kau', 'cs', 'jittac', 'model', 'am', 'events']"
ArchitectureModelEditor.java,eclipse-ui,"['io', 'byte', 'array', 'input', 'stream', 'io', 'byte', 'array', 'output', 'stream', 'io', 'file', 'io', 'ioexcept', 'org', 'eclips', 'core', 'resourc', 'ifil', 'org', 'eclips', 'core', 'runtim', 'core', 'except', 'org', 'eclips', 'core', 'runtim', 'iprogress', 'monitor', 'org', 'eclips', 'gef', 'mvc', 'fx', 'ui', 'mvc', 'fx', 'ui', 'modul', 'org', 'eclips', 'gef', 'mvc', 'fx', 'ui', 'part', 'abstract', 'fxeditor', 'org', 'eclips', 'gef', 'mvc', 'fx', 'viewer', 'iview', 'org', 'eclips', 'ui', 'ieditor', 'input', 'org', 'eclips', 'ui', 'ifil', 'editor', 'input', 'org', 'eclips', 'ui', 'ieditor', 'site', 'org', 'eclips', 'ui', 'part', 'init', 'except', 'com', 'googl', 'inject', 'guic', 'com', 'googl', 'inject', 'util', 'modul', 'javafx', 'scene', 'node', 'javafx', 'scene', 'scene', 'javafx', 'scene', 'control', 'button', 'javafx', 'scene', 'control', 'toggl', 'javafx', 'scene', 'control', 'toggl', 'button', 'javafx', 'scene', 'control', 'toggl', 'group', 'javafx', 'scene', 'layout', 'border', 'pane', 'javafx', 'scene', 'layout', 'vbox', 'javafx', 'stage', 'file', 'chooser', 'javafx', 'event', 'action', 'event', 'javafx', 'event', 'event', 'handler', 'se', 'kau', 'cs', 'jittac', 'eclips', 'model', 'manag', 'se', 'kau', 'cs', 'jittac', 'eclips', 'ui', 'architectur', 'model', 'modul', 'se', 'kau', 'cs', 'jittac', 'eclips', 'ui', 'model', 'item', 'creation', 'model', 'se', 'kau', 'cs', 'jittac', 'eclips', 'ui', 'view', 'browser', 'view', 'se', 'kau', 'cs', 'jittac', 'eclips', 'ui', 'view', 'featur', 'locat', 'tabl', 'view', 'se', 'kau', 'cs', 'jittac', 'eclips', 'util', 'featur', 'locat', 'csv', 'se', 'kau', 'cs', 'jittac', 'model', 'am', 'architectur', 'model', 'se', 'kau', 'cs', 'jittac', 'model', 'am', 'compon', 'se', 'kau', 'cs', 'jittac', 'model', 'am', 'io', 'architectur', 'model', 'writer', 'se', 'kau', 'cs', 'jittac', 'model', 'am', 'test', 'consol', 'architectur', 'model', 'listen', 'se', 'kau', 'cs', 'jittac', 'model', 'map', 'jittac', 'resourc', 'model', 'registri', 'se', 'kau', 'cs', 'jittac', 'model', 'map', 'event', 'abstract', 'architectur', 'map', 'chang', 'listen', 'se', 'kau', 'cs', 'jittac', 'model', 'map', 'event', 'iarchitectur', 'map', 'chang', 'listen', 'se', 'kau', 'cs', 'jittac', 'model', 'map', 'event', 'map', 'addit', 'event', 'se', 'kau', 'cs', 'jittac', 'model', 'map', 'event', 'map', 'remov', 'event', 'se', 'kau', 'cs', 'jittac', 'model', 'map', 'test', 'test', 'resourc', 'factori', 'se', 'kau', 'cs', 'jittac', 'eclipse', 'ui', 'editors']"
ArchitectureModelModule.java,eclipse-ui,"['com', 'googl', 'inject', 'multibind', 'map', 'binder', 'se', 'kau', 'cs', 'jittac', 'eclips', 'ui', 'model', 'item', 'creation', 'model', 'se', 'kau', 'cs', 'jittac', 'eclips', 'ui', 'part', 'architectur', 'model', 'anchor', 'provid', 'se', 'kau', 'cs', 'jittac', 'eclips', 'ui', 'part', 'architectur', 'model', 'part', 'se', 'kau', 'cs', 'jittac', 'eclips', 'ui', 'part', 'architectur', 'model', 'part', 'factori', 'se', 'kau', 'cs', 'jittac', 'eclips', 'ui', 'part', 'compon', 'part', 'se', 'kau', 'cs', 'jittac', 'eclips', 'ui', 'part', 'connector', 'geometr', 'outlin', 'provid', 'se', 'kau', 'cs', 'jittac', 'eclips', 'ui', 'part', 'connector', 'part', 'se', 'kau', 'cs', 'jittac', 'eclips', 'ui', 'part', 'connector', 'select', 'feedback', 'part', 'se', 'kau', 'cs', 'jittac', 'eclips', 'ui', 'part', 'creat', 'connector', 'feedback', 'part', 'behavior', 'se', 'kau', 'cs', 'jittac', 'eclips', 'ui', 'part', 'creat', 'connector', 'feedback', 'part', 'factori', 'se', 'kau', 'cs', 'jittac', 'eclips', 'ui', 'part', 'select', 'color', 'provid', 'se', 'kau', 'cs', 'jittac', 'eclips', 'ui', 'polici', 'abort', 'connector', 'creation', 'stroke', 'handler', 'se', 'kau', 'cs', 'jittac', 'eclips', 'ui', 'polici', 'compon', 'on', 'drag', 'handler', 'se', 'kau', 'cs', 'jittac', 'eclips', 'ui', 'polici', 'creat', 'compon', 'on', 'click', 'handler', 'se', 'kau', 'cs', 'jittac', 'eclips', 'ui', 'polici', 'creat', 'connector', 'on', 'click', 'handler', 'se', 'kau', 'cs', 'jittac', 'eclips', 'ui', 'polici', 'show', 'architectur', 'element', 'context', 'menu', 'on', 'click', 'handler', 'se', 'kau', 'cs', 'jittac', 'eclips', 'ui', 'polici', 'show', 'architectur', 'model', 'context', 'menu', 'on', 'click', 'handler', 'se', 'kau', 'cs', 'jittac', 'eclips', 'ui', 'polici', 'test', 'on', 'drag', 'handler', 'org', 'eclips', 'gef', 'common', 'adapt', 'adapt', 'key', 'org', 'eclips', 'gef', 'common', 'adapt', 'inject', 'adapt', 'map', 'org', 'eclips', 'gef', 'mvc', 'fx', 'mvc', 'fx', 'modul', 'org', 'eclips', 'gef', 'mvc', 'fx', 'handler', 'focu', 'and', 'select', 'on', 'click', 'handler', 'org', 'eclips', 'gef', 'mvc', 'fx', 'handler', 'translat', 'select', 'on', 'drag', 'handler', 'org', 'eclips', 'gef', 'mvc', 'fx', 'part', 'default', 'hover', 'feedback', 'part', 'factori', 'org', 'eclips', 'gef', 'mvc', 'fx', 'part', 'default', 'select', 'feedback', 'part', 'factori', 'org', 'eclips', 'gef', 'mvc', 'fx', 'part', 'select', 'feedback', 'part', 'org', 'eclips', 'gef', 'mvc', 'fx', 'polici', 'transform', 'polici', 'org', 'eclips', 'gef', 'mvc', 'fx', 'provid', 'shape', 'outlin', 'provid', 'se', 'kau', 'cs', 'jittac', 'eclipse', 'ui']"
ArchitectureModelModuleUI.java,eclipse-ui,"['org', 'eclips', 'gef', 'mvc', 'fx', 'ui', 'mvc', 'fx', 'ui', 'modul', 'se', 'kau', 'cs', 'jittac', 'eclipse', 'ui']"
ArchitectureModelOutlineAdapterFactory.java,eclipse-ui,"['org', 'eclips', 'core', 'runtim', 'iadapt', 'factori', 'org', 'eclips', 'ui', 'view', 'contentoutlin', 'icont', 'outlin', 'page', 'se', 'kau', 'cs', 'jittac', 'eclipse', 'ui', 'editors']"
ArchitectureModelOutlinePage.java,eclipse-ui,"['org', 'eclips', 'core', 'resourc', 'iproject', 'org', 'eclips', 'core', 'resourc', 'iresourc', 'org', 'eclips', 'jface', 'viewer', 'ilabel', 'provid', 'org', 'eclips', 'jface', 'viewer', 'ilabel', 'provid', 'listen', 'org', 'eclips', 'jface', 'viewer', 'itre', 'content', 'provid', 'org', 'eclips', 'jface', 'viewer', 'tree', 'viewer', 'org', 'eclips', 'swt', 'swt', 'org', 'eclips', 'swt', 'dnd', 'dnd', 'org', 'eclips', 'swt', 'dnd', 'drop', 'target', 'adapt', 'org', 'eclips', 'swt', 'dnd', 'drop', 'target', 'event', 'org', 'eclips', 'swt', 'dnd', 'transfer', 'org', 'eclips', 'swt', 'event', 'key', 'event', 'org', 'eclips', 'swt', 'event', 'key', 'listen', 'org', 'eclips', 'swt', 'graphic', 'imag', 'org', 'eclips', 'swt', 'widget', 'composit', 'org', 'eclips', 'swt', 'widget', 'tree', 'item', 'org', 'eclips', 'ui', 'iview', 'part', 'org', 'eclips', 'ui', 'part', 'init', 'except', 'org', 'eclips', 'ui', 'platform', 'ui', 'org', 'eclips', 'ui', 'part', 'resourc', 'transfer', 'org', 'eclips', 'ui', 'view', 'contentoutlin', 'content', 'outlin', 'page', 'org', 'eclips', 'ui', 'navig', 'resourc', 'project', 'explor', 'se', 'kau', 'cs', 'jittac', 'model', 'am', 'architectur', 'model', 'se', 'kau', 'cs', 'jittac', 'model', 'am', 'compon', 'se', 'kau', 'cs', 'jittac', 'model', 'am', 'event', 'abstract', 'architectur', 'model', 'chang', 'listen', 'se', 'kau', 'cs', 'jittac', 'model', 'am', 'event', 'compon', 'addit', 'event', 'se', 'kau', 'cs', 'jittac', 'model', 'am', 'event', 'compon', 'name', 'chang', 'event', 'se', 'kau', 'cs', 'jittac', 'model', 'am', 'event', 'compon', 'remov', 'event', 'se', 'kau', 'cs', 'jittac', 'model', 'am', 'event', 'iarchitectur', 'model', 'chang', 'listen', 'se', 'kau', 'cs', 'jittac', 'model', 'map', 'imapp', 'element', 'se', 'kau', 'cs', 'jittac', 'model', 'map', 'eclips', 'eclips', 'jittac', 'project', 'se', 'kau', 'cs', 'jittac', 'model', 'map', 'eclips', 'eclips', 'jittac', 'resourc', 'se', 'kau', 'cs', 'jittac', 'eclipse', 'ui', 'editors']"
ArchitectureModelPart.java,eclipse-ui,"['util', 'list', 'org', 'eclips', 'gef', 'mvc', 'fx', 'part', 'abstract', 'content', 'part', 'org', 'eclips', 'gef', 'mvc', 'fx', 'part', 'ivisu', 'part', 'com', 'googl', 'common', 'collect', 'hash', 'multimap', 'com', 'googl', 'common', 'collect', 'list', 'com', 'googl', 'common', 'collect', 'set', 'multimap', 'javafx', 'applic', 'platform', 'javafx', 'scene', 'group', 'se', 'kau', 'cs', 'jittac', 'eclips', 'ui', 'part', 'connector', 'part', 'connector', 'part', 'model', 'listen', 'se', 'kau', 'cs', 'jittac', 'model', 'am', 'abstract', 'architectur', 'element', 'se', 'kau', 'cs', 'jittac', 'model', 'am', 'architectur', 'model', 'se', 'kau', 'cs', 'jittac', 'model', 'am', 'compon', 'se', 'kau', 'cs', 'jittac', 'model', 'am', 'connector', 'se', 'kau', 'cs', 'jittac', 'model', 'am', 'event', 'abstract', 'architectur', 'model', 'chang', 'listen', 'se', 'kau', 'cs', 'jittac', 'model', 'am', 'event', 'connector', 'addit', 'event', 'se', 'kau', 'cs', 'jittac', 'model', 'am', 'event', 'connector', 'refer', 'ad', 'event', 'se', 'kau', 'cs', 'jittac', 'model', 'am', 'event', 'connector', 'refer', 'remov', 'event', 'se', 'kau', 'cs', 'jittac', 'model', 'am', 'event', 'connector', 'remov', 'event', 'se', 'kau', 'cs', 'jittac', 'model', 'am', 'event', 'connector', 'state', 'chang', 'event', 'javafx', 'scene', 'group', 'javafx', 'scene', 'node', 'se', 'kau', 'cs', 'jittac', 'eclipse', 'ui', 'parts']"
ArchitectureModelPartsFactory.java,eclipse-ui,"['util', 'map', 'org', 'eclips', 'gef', 'mvc', 'fx', 'part', 'icont', 'part', 'org', 'eclips', 'gef', 'mvc', 'fx', 'part', 'icont', 'part', 'factori', 'com', 'googl', 'inject', 'inject', 'com', 'googl', 'inject', 'injector', 'javafx', 'scene', 'node', 'se', 'kau', 'cs', 'jittac', 'model', 'am', 'architectur', 'model', 'se', 'kau', 'cs', 'jittac', 'model', 'am', 'compon', 'se', 'kau', 'cs', 'jittac', 'model', 'am', 'connector', 'se', 'kau', 'cs', 'jittac', 'eclipse', 'ui', 'parts']"
ArchitectureModelPropertyPage.java,eclipse-ui,"['com', 'googl', 'common', 'collect', 'set', 'new', 'hash', 'set', 'util', 'array', 'list', 'util', 'hash', 'set', 'util', 'set', 'org', 'eclips', 'core', 'resourc', 'ifil', 'org', 'eclips', 'core', 'resourc', 'imark', 'org', 'eclips', 'core', 'resourc', 'iproject', 'org', 'eclips', 'core', 'resourc', 'resourc', 'plugin', 'org', 'eclips', 'jface', 'dialog', 'dialog', 'org', 'eclips', 'jface', 'prefer', 'prefer', 'page', 'org', 'eclips', 'jface', 'viewer', 'array', 'content', 'provid', 'org', 'eclips', 'jface', 'viewer', 'checkbox', 'tabl', 'viewer', 'org', 'eclips', 'jface', 'viewer', 'label', 'provid', 'org', 'eclips', 'swt', 'swt', 'org', 'eclips', 'swt', 'graphic', 'imag', 'org', 'eclips', 'swt', 'layout', 'grid', 'data', 'org', 'eclips', 'swt', 'layout', 'grid', 'layout', 'org', 'eclips', 'swt', 'widget', 'combo', 'org', 'eclips', 'swt', 'widget', 'composit', 'org', 'eclips', 'swt', 'widget', 'control', 'org', 'eclips', 'swt', 'widget', 'label', 'org', 'eclips', 'ui', 'platform', 'ui', 'org', 'eclips', 'ui', 'dialog', 'properti', 'page', 'org', 'eclips', 'ui', 'ide', 'ide', 'se', 'kau', 'cs', 'jittac', 'eclips', 'model', 'manag', 'se', 'kau', 'cs', 'jittac', 'model', 'am', 'architectur', 'model', 'se', 'kau', 'cs', 'jittac', 'model', 'map', 'ijittac', 'project', 'se', 'kau', 'cs', 'jittac', 'model', 'map', 'eclips', 'eclips', 'jittac', 'project', 'se', 'kau', 'cs', 'jittac', 'eclipse', 'ui']"
ArchitectureModelReader.java,architecture-model,"['io', 'ioexcept', 'io', 'input', 'stream', 'nio', 'file', 'path', 'util', 'uuid', 'org', 'xml', 'sax', 'attribut', 'org', 'xml', 'sax', 'input', 'sourc', 'org', 'xml', 'sax', 'saxexcept', 'org', 'xml', 'sax', 'xmlreader', 'org', 'xml', 'sax', 'helper', 'default', 'handler', 'org', 'xml', 'sax', 'helper', 'xmlreader', 'factori', 'se', 'kau', 'cs', 'jittac', 'model', 'am', 'architectur', 'model', 'se', 'kau', 'cs', 'jittac', 'model', 'am', 'compon', 'se', 'kau', 'cs', 'jittac', 'model', 'am', 'connector', 'se', 'kau', 'cs', 'jittac', 'model', 'map', 'ijittac', 'project', 'se', 'kau', 'cs', 'jittac', 'model', 'map', 'ijittac', 'resourc', 'se', 'kau', 'cs', 'jittac', 'model', 'map', 'ijittac', 'resourc', 'factori', 'se', 'kau', 'cs', 'jittac', 'model', 'map', 'jittac', 'resourc', 'model', 'registri', 'se', 'kau', 'cs', 'jittac', 'model', 'am', 'io']"
ArchitectureModelView.java,eclipse-ui,"['org', 'eclips', 'gef', 'common', 'adapt', 'adapt', 'key', 'org', 'eclips', 'gef', 'mvc', 'fx', 'model', 'focu', 'model', 'org', 'eclips', 'gef', 'mvc', 'fx', 'model', 'hover', 'model', 'org', 'eclips', 'gef', 'mvc', 'fx', 'model', 'select', 'model', 'org', 'eclips', 'gef', 'mvc', 'fx', 'ui', 'action', 'fit', 'to', 'viewport', 'action', 'org', 'eclips', 'gef', 'mvc', 'fx', 'ui', 'action', 'fit', 'to', 'viewport', 'lock', 'action', 'org', 'eclips', 'gef', 'mvc', 'fx', 'ui', 'action', 'scroll', 'action', 'group', 'org', 'eclips', 'gef', 'mvc', 'fx', 'ui', 'action', 'zoom', 'action', 'group', 'org', 'eclips', 'gef', 'mvc', 'fx', 'ui', 'part', 'abstract', 'fxview', 'org', 'eclips', 'gef', 'mvc', 'fx', 'viewer', 'iview', 'org', 'eclips', 'jface', 'action', 'itool', 'bar', 'manag', 'org', 'eclips', 'jface', 'action', 'separ', 'org', 'eclips', 'swt', 'widget', 'composit', 'org', 'eclips', 'ui', 'iaction', 'bar', 'com', 'googl', 'inject', 'guic', 'com', 'googl', 'inject', 'util', 'modul', 'javafx', 'scene', 'scene', 'se', 'kau', 'cs', 'jittac', 'eclips', 'ui', 'architectur', 'model', 'modul', 'se', 'kau', 'cs', 'jittac', 'eclips', 'ui', 'architectur', 'model', 'modul', 'ui', 'se', 'kau', 'cs', 'jittac', 'eclipse', 'ui', 'views']"
ArchitectureModelWriter.java,architecture-model,"['io', 'output', 'stream', 'util', 'iter', 'util', 'set', 'javax', 'xml', 'stream', 'xmloutput', 'factori', 'javax', 'xml', 'stream', 'xmlstream', 'except', 'javax', 'xml', 'stream', 'xmlstream', 'writer', 'se', 'kau', 'cs', 'jittac', 'model', 'map', 'architectur', 'map', 'se', 'kau', 'cs', 'jittac', 'model', 'map', 'ijittac', 'project', 'se', 'kau', 'cs', 'jittac', 'model', 'map', 'imapp', 'element', 'se', 'kau', 'cs', 'jittac', 'model', 'am', 'architectur', 'model', 'se', 'kau', 'cs', 'jittac', 'model', 'am', 'compon', 'se', 'kau', 'cs', 'jittac', 'model', 'am', 'connector', 'se', 'kau', 'cs', 'jittac', 'model', 'am', 'io']"
BaseHandler.java,jdt-build,"['util', 'collect', 'empti', 'list', 'se', 'kau', 'cs', 'jittac', 'eclips', 'builder', 'jdt', 'util', 'project', 'extract', 'project', 'with', 'java', 'natur', 'util', 'collect', 'org', 'eclips', 'core', 'command', 'abstract', 'handler', 'org', 'eclips', 'core', 'command', 'handler', 'event', 'org', 'eclips', 'core', 'express', 'ievalu', 'context', 'org', 'eclips', 'core', 'resourc', 'iproject', 'se', 'kau', 'cs', 'jittac', 'eclipse', 'builders', 'jdt', 'commands']"
BrowserView.java,eclipse-ui,"['org', 'eclips', 'core', 'runtim', 'file', 'locat', 'org', 'eclips', 'ui', 'part', 'init', 'except', 'org', 'eclips', 'ui', 'platform', 'ui', 'io', 'buffer', 'reader', 'io', 'buffer', 'writer', 'io', 'file', 'io', 'file', 'writer', 'io', 'ioexcept', 'io', 'input', 'stream', 'io', 'input', 'stream', 'reader', 'net', 'malform', 'urlexcept', 'net', 'urisyntax', 'except', 'net', 'url', 'util', 'array', 'list', 'se', 'kau', 'cs', 'jittac', 'eclipse', 'ui', 'views']"
BuildEndEvent.java,impl-model,"['se', 'kau', 'cs', 'jittac', 'model', 'im', 'implement', 'model', 'partit', 'se', 'kau', 'cs', 'jittac', 'model', 'im', 'events']"
BuildEvent.java,impl-model,"['se', 'kau', 'cs', 'jittac', 'model', 'im', 'implement', 'model', 'partit', 'se', 'kau', 'cs', 'jittac', 'model', 'im', 'events']"
BuildEventListener.java,impl-model,"['se', 'kau', 'cs', 'jittac', 'model', 'im', 'iimplement', 'model', 'se', 'kau', 'cs', 'jittac', 'model', 'im', 'implement', 'model', 'partit', 'se', 'kau', 'cs', 'jittac', 'model', 'im', 'events']"
BuildStartEvent.java,impl-model,"['se', 'kau', 'cs', 'jittac', 'model', 'im', 'implement', 'model', 'partit', 'se', 'kau', 'cs', 'jittac', 'model', 'im', 'events']"
BuildUnit.java,impl-model,"['util', 'hash', 'set', 'util', 'set', 'se', 'kau', 'cs', 'jittac', 'model', 'im', 'ixrefer', 'se', 'kau', 'cs', 'jittac', 'model', 'im', 'event', 'xrefer', 'chang', 'delta', 'event', 'se', 'kau', 'cs', 'jittac', 'model', 'map', 'ijittac', 'resourc', 'se', 'kau', 'cs', 'jittac', 'model', 'im']"
Component.java,architecture-model,"['util', 'hash', 'set', 'util', 'set', 'util', 'uuid', 'se', 'kau', 'cs', 'jittac', 'model', 'am']"
ComponentAdditionEvent.java,architecture-model,"['se', 'kau', 'cs', 'jittac', 'model', 'am', 'architectur', 'model', 'se', 'kau', 'cs', 'jittac', 'model', 'am', 'compon', 'se', 'kau', 'cs', 'jittac', 'model', 'am', 'events']"
ComponentFeaturesView.java,eclipse-ui,"['util', 'hash', 'set', 'util', 'map', 'util', 'set', 'org', 'apach', 'common', 'collect', 'map', 'hash', 'map', 'org', 'eclips', 'jface', 'viewer', 'iselect', 'org', 'eclips', 'jface', 'viewer', 'istructur', 'content', 'provid', 'org', 'eclips', 'jface', 'viewer', 'istructur', 'select', 'org', 'eclips', 'jface', 'viewer', 'itabl', 'label', 'provid', 'org', 'eclips', 'jface', 'viewer', 'label', 'provid', 'org', 'eclips', 'jface', 'viewer', 'tabl', 'viewer', 'org', 'eclips', 'jface', 'viewer', 'viewer', 'org', 'eclips', 'jface', 'viewer', 'viewer', 'compar', 'org', 'eclips', 'swt', 'swt', 'org', 'eclips', 'swt', 'graphic', 'imag', 'org', 'eclips', 'swt', 'widget', 'composit', 'org', 'eclips', 'swt', 'widget', 'tabl', 'column', 'org', 'eclips', 'ui', 'iselect', 'listen', 'org', 'eclips', 'ui', 'iview', 'site', 'org', 'eclips', 'ui', 'iworkbench', 'part', 'org', 'eclips', 'ui', 'part', 'init', 'except', 'org', 'eclips', 'ui', 'part', 'view', 'part', 'se', 'kau', 'cs', 'jittac', 'eclips', 'ui', 'editor', 'architectur', 'model', 'editor', 'se', 'kau', 'cs', 'jittac', 'model', 'am', 'compon', 'se', 'kau', 'cs', 'jittac', 'model', 'featur', 'featur', 'se', 'kau', 'cs', 'jittac', 'model', 'featur', 'featur', 'locat', 'registri', 'se', 'kau', 'cs', 'jittac', 'model', 'map', 'architectur', 'map', 'se', 'kau', 'cs', 'jittac', 'model', 'map', 'ijittac', 'resourc', 'se', 'kau', 'cs', 'jittac', 'model', 'map', 'imapp', 'element', 'se', 'kau', 'cs', 'jittac', 'eclipse', 'ui', 'views']"
ComponentNameChangeEvent.java,architecture-model,"['se', 'kau', 'cs', 'jittac', 'model', 'am', 'architectur', 'model', 'se', 'kau', 'cs', 'jittac', 'model', 'am', 'compon', 'se', 'kau', 'cs', 'jittac', 'model', 'am', 'events']"
ComponentOnDragHandler.java,eclipse-ui,"['org', 'eclips', 'core', 'resourc', 'ifil', 'org', 'eclips', 'core', 'runtim', 'core', 'except', 'org', 'eclips', 'core', 'runtim', 'qualifi', 'name', 'org', 'eclips', 'gef', 'geometri', 'planar', 'dimens', 'org', 'eclips', 'gef', 'mvc', 'fx', 'handler', 'translat', 'select', 'on', 'drag', 'handler', 'javafx', 'scene', 'input', 'mous', 'event', 'se', 'kau', 'cs', 'jittac', 'eclips', 'activ', 'se', 'kau', 'cs', 'jittac', 'eclips', 'model', 'manag', 'se', 'kau', 'cs', 'jittac', 'eclips', 'ui', 'part', 'compon', 'part', 'se', 'kau', 'cs', 'jittac', 'eclipse', 'ui', 'policies']"
ComponentPart.java,eclipse-ui,"['util', 'collect', 'util', 'list', 'org', 'eclips', 'core', 'command', 'execut', 'except', 'org', 'eclips', 'core', 'resourc', 'ifil', 'org', 'eclips', 'core', 'runtim', 'core', 'except', 'org', 'eclips', 'core', 'runtim', 'qualifi', 'name', 'org', 'eclips', 'gef', 'mvc', 'fx', 'model', 'select', 'model', 'org', 'eclips', 'gef', 'mvc', 'fx', 'oper', 'itransact', 'oper', 'org', 'eclips', 'gef', 'mvc', 'fx', 'part', 'abstract', 'content', 'part', 'org', 'eclips', 'gef', 'mvc', 'fx', 'part', 'icont', 'part', 'org', 'eclips', 'gef', 'mvc', 'fx', 'part', 'itransform', 'content', 'part', 'org', 'eclips', 'gef', 'mvc', 'fx', 'viewer', 'iview', 'org', 'eclips', 'swt', 'dnd', 'drop', 'target', 'com', 'googl', 'common', 'collect', 'hash', 'multimap', 'com', 'googl', 'common', 'collect', 'set', 'multimap', 'javafx', 'bean', 'valu', 'chang', 'listen', 'javafx', 'bean', 'valu', 'observ', 'valu', 'javafx', 'collect', 'list', 'chang', 'listen', 'javafx', 'collect', 'observ', 'list', 'javafx', 'scene', 'node', 'javafx', 'scene', 'transform', 'affin', 'se', 'kau', 'cs', 'jittac', 'eclips', 'activ', 'se', 'kau', 'cs', 'jittac', 'eclips', 'model', 'manag', 'se', 'kau', 'cs', 'jittac', 'eclips', 'ui', 'oper', 'set', 'compon', 'name', 'oper', 'se', 'kau', 'cs', 'jittac', 'eclips', 'ui', 'visual', 'compon', 'visual', 'se', 'kau', 'cs', 'jittac', 'model', 'am', 'compon', 'se', 'kau', 'cs', 'jittac', 'model', 'am', 'connector', 'se', 'kau', 'cs', 'jittac', 'eclipse', 'ui', 'parts']"
ComponentRemovalEvent.java,architecture-model,"['se', 'kau', 'cs', 'jittac', 'model', 'am', 'architectur', 'model', 'se', 'kau', 'cs', 'jittac', 'model', 'am', 'compon', 'se', 'kau', 'cs', 'jittac', 'model', 'am', 'events']"
ComponentVisual.java,eclipse-ui,"['org', 'eclips', 'gef', 'fx', 'node', 'geometri', 'node', 'org', 'eclips', 'gef', 'geometri', 'planar', 'round', 'rectangl', 'org', 'eclips', 'gef', 'mvc', 'fx', 'model', 'select', 'model', 'javafx', 'event', 'event', 'javafx', 'geometri', 'inset', 'javafx', 'geometri', 'orient', 'javafx', 'geometri', 'po', 'javafx', 'geometri', 'vpo', 'javafx', 'scene', 'cursor', 'javafx', 'scene', 'group', 'javafx', 'scene', 'control', 'text', 'area', 'javafx', 'scene', 'control', 'text', 'field', 'javafx', 'scene', 'effect', 'blend', 'mode', 'javafx', 'scene', 'input', 'context', 'menu', 'event', 'javafx', 'scene', 'input', 'key', 'code', 'javafx', 'scene', 'layout', 'border', 'javafx', 'scene', 'layout', 'region', 'javafx', 'scene', 'layout', 'vbox', 'javafx', 'scene', 'paint', 'color', 'javafx', 'scene', 'text', 'text', 'javafx', 'scene', 'text', 'text', 'flow', 'se', 'kau', 'cs', 'jittac', 'eclipse', 'ui', 'visuals']"
Connector.java,architecture-model,"['util', 'hash', 'set', 'util', 'set', 'se', 'kau', 'cs', 'jittac', 'model', 'im', 'ixrefer', 'se', 'kau', 'cs', 'jittac', 'model', 'am']"
ConnectorAdditionEvent.java,architecture-model,"['se', 'kau', 'cs', 'jittac', 'model', 'am', 'architectur', 'model', 'se', 'kau', 'cs', 'jittac', 'model', 'am', 'connector', 'se', 'kau', 'cs', 'jittac', 'model', 'am', 'events']"
ConnectorGeometricOutlineProvider.java,eclipse-ui,"['org', 'eclips', 'gef', 'geometri', 'planar', 'igeometri', 'org', 'eclips', 'gef', 'mvc', 'fx', 'provid', 'geometr', 'outlin', 'provid', 'com', 'googl', 'inject', 'provid', 'se', 'kau', 'cs', 'jittac', 'eclipse', 'ui', 'parts']"
ConnectorPart.java,eclipse-ui,"['util', 'collect', 'util', 'list', 'org', 'eclips', 'gef', 'common', 'adapt', 'adapt', 'key', 'org', 'eclips', 'gef', 'fx', 'anchor', 'ianchor', 'org', 'eclips', 'gef', 'mvc', 'fx', 'part', 'abstract', 'content', 'part', 'org', 'eclips', 'gef', 'mvc', 'fx', 'part', 'icont', 'part', 'org', 'eclips', 'gef', 'mvc', 'fx', 'part', 'ivisu', 'part', 'com', 'googl', 'common', 'collect', 'hash', 'multimap', 'com', 'googl', 'common', 'collect', 'set', 'multimap', 'com', 'googl', 'common', 'reflect', 'type', 'token', 'com', 'googl', 'inject', 'provid', 'javafx', 'applic', 'platform', 'javafx', 'scene', 'node', 'se', 'kau', 'cs', 'jittac', 'eclips', 'ui', 'visual', 'connector', 'visual', 'se', 'kau', 'cs', 'jittac', 'model', 'am', 'connector', 'se', 'kau', 'cs', 'jittac', 'model', 'am', 'event', 'abstract', 'architectur', 'model', 'chang', 'listen', 'se', 'kau', 'cs', 'jittac', 'model', 'am', 'event', 'connector', 'refer', 'ad', 'event', 'se', 'kau', 'cs', 'jittac', 'model', 'am', 'event', 'connector', 'refer', 'remov', 'event', 'se', 'kau', 'cs', 'jittac', 'model', 'am', 'event', 'connector', 'remov', 'event', 'se', 'kau', 'cs', 'jittac', 'model', 'am', 'event', 'connector', 'state', 'chang', 'event', 'se', 'kau', 'cs', 'jittac', 'eclipse', 'ui', 'parts']"
ConnectorReferencesAddedEvent.java,architecture-model,"['util', 'hash', 'set', 'util', 'set', 'se', 'kau', 'cs', 'jittac', 'model', 'am', 'architectur', 'model', 'se', 'kau', 'cs', 'jittac', 'model', 'am', 'connector', 'se', 'kau', 'cs', 'jittac', 'model', 'im', 'ixrefer', 'se', 'kau', 'cs', 'jittac', 'model', 'am', 'events']"
ConnectorReferencesRemovedEvent.java,architecture-model,"['util', 'hash', 'set', 'util', 'set', 'se', 'kau', 'cs', 'jittac', 'model', 'am', 'architectur', 'model', 'se', 'kau', 'cs', 'jittac', 'model', 'am', 'connector', 'se', 'kau', 'cs', 'jittac', 'model', 'im', 'ixrefer', 'se', 'kau', 'cs', 'jittac', 'model', 'am', 'events']"
ConnectorRemovalEvent.java,architecture-model,"['se', 'kau', 'cs', 'jittac', 'model', 'am', 'architectur', 'model', 'se', 'kau', 'cs', 'jittac', 'model', 'am', 'connector', 'se', 'kau', 'cs', 'jittac', 'model', 'am', 'events']"
ConnectorSelectionFeedbackPart.java,eclipse-ui,"['org', 'eclips', 'gef', 'fx', 'node', 'geometri', 'node', 'org', 'eclips', 'gef', 'geometri', 'planar', 'igeometri', 'org', 'eclips', 'gef', 'mvc', 'fx', 'part', 'select', 'feedback', 'part', 'javafx', 'scene', 'shape', 'stroke', 'type', 'se', 'kau', 'cs', 'jittac', 'eclipse', 'ui', 'parts']"
ConnectorStateChangeEvent.java,architecture-model,"['se', 'kau', 'cs', 'jittac', 'model', 'am', 'architectur', 'model', 'se', 'kau', 'cs', 'jittac', 'model', 'am', 'connector', 'se', 'kau', 'cs', 'jittac', 'model', 'am', 'events']"
ConnectorVisual.java,eclipse-ui,"['util', 'list', 'org', 'eclips', 'gef', 'fx', 'node', 'connect', 'org', 'eclips', 'gef', 'fx', 'node', 'geometri', 'node', 'org', 'eclips', 'gef', 'fx', 'util', 'node', 'util', 'org', 'eclips', 'gef', 'geometri', 'planar', 'line', 'org', 'eclips', 'gef', 'geometri', 'planar', 'point', 'org', 'eclips', 'gef', 'geometri', 'planar', 'polylin', 'javafx', 'geometri', 'vpo', 'javafx', 'scene', 'group', 'javafx', 'scene', 'paint', 'color', 'javafx', 'scene', 'shape', 'polygon', 'javafx', 'scene', 'text', 'text', 'se', 'kau', 'cs', 'jittac', 'eclipse', 'ui', 'visuals']"
CreateComponentOnClickHandler.java,eclipse-ui,"['org', 'eclips', 'gef', 'mvc', 'fx', 'handler', 'abstract', 'handler', 'org', 'eclips', 'gef', 'mvc', 'fx', 'handler', 'ion', 'click', 'handler', 'org', 'eclips', 'gef', 'mvc', 'fx', 'part', 'icont', 'part', 'org', 'eclips', 'gef', 'mvc', 'fx', 'part', 'iroot', 'part', 'org', 'eclips', 'gef', 'mvc', 'fx', 'part', 'ivisu', 'part', 'org', 'eclips', 'gef', 'mvc', 'fx', 'polici', 'creation', 'polici', 'org', 'eclips', 'gef', 'mvc', 'fx', 'viewer', 'iview', 'com', 'googl', 'common', 'collect', 'hash', 'multimap', 'javafx', 'geometri', 'point', 'd', 'javafx', 'scene', 'node', 'javafx', 'scene', 'input', 'mous', 'event', 'se', 'kau', 'cs', 'jittac', 'eclips', 'ui', 'model', 'item', 'creation', 'model', 'se', 'kau', 'cs', 'jittac', 'eclips', 'ui', 'part', 'architectur', 'model', 'part', 'se', 'kau', 'cs', 'jittac', 'eclips', 'ui', 'part', 'compon', 'part', 'se', 'kau', 'cs', 'jittac', 'model', 'am', 'compon', 'se', 'kau', 'cs', 'jittac', 'eclipse', 'ui', 'policies']"
CreateConnectorFeedbackPart.java,eclipse-ui,"['org', 'eclips', 'gef', 'common', 'adapt', 'adapt', 'key', 'org', 'eclips', 'gef', 'fx', 'anchor', 'ianchor', 'org', 'eclips', 'gef', 'fx', 'anchor', 'static', 'anchor', 'org', 'eclips', 'gef', 'fx', 'node', 'connect', 'org', 'eclips', 'gef', 'geometri', 'convert', 'fx', 'fx', 'geometri', 'org', 'eclips', 'gef', 'geometri', 'convert', 'fx', 'geometri', 'fx', 'org', 'eclips', 'gef', 'geometri', 'planar', 'point', 'org', 'eclips', 'gef', 'mvc', 'fx', 'part', 'abstract', 'feedback', 'part', 'org', 'eclips', 'gef', 'mvc', 'fx', 'part', 'ivisu', 'part', 'com', 'googl', 'common', 'reflect', 'type', 'token', 'com', 'googl', 'inject', 'provid', 'javafx', 'event', 'event', 'handler', 'javafx', 'scene', 'node', 'javafx', 'scene', 'input', 'mous', 'event', 'se', 'kau', 'cs', 'jittac', 'eclipse', 'ui', 'parts']"
CreateConnectorFeedbackPartBehavior.java,eclipse-ui,"['org', 'eclips', 'gef', 'mvc', 'fx', 'behavior', 'abstract', 'behavior', 'org', 'eclips', 'gef', 'mvc', 'fx', 'part', 'ifeedback', 'part', 'factori', 'org', 'eclips', 'gef', 'mvc', 'fx', 'viewer', 'iview', 'se', 'kau', 'cs', 'jittac', 'eclips', 'ui', 'model', 'item', 'creation', 'model', 'se', 'kau', 'cs', 'jittac', 'eclipse', 'ui', 'parts']"
CreateConnectorFeedbackPartFactory.java,eclipse-ui,"['util', 'list', 'util', 'map', 'org', 'eclips', 'gef', 'mvc', 'fx', 'part', 'ifeedback', 'part', 'org', 'eclips', 'gef', 'mvc', 'fx', 'part', 'ifeedback', 'part', 'factori', 'org', 'eclips', 'gef', 'mvc', 'fx', 'part', 'ivisu', 'part', 'com', 'googl', 'common', 'collect', 'list', 'com', 'googl', 'inject', 'inject', 'com', 'googl', 'inject', 'injector', 'javafx', 'scene', 'node', 'se', 'kau', 'cs', 'jittac', 'eclipse', 'ui', 'parts']"
CreateConnectorOnClickHandler.java,eclipse-ui,"['util', 'collect', 'org', 'eclips', 'core', 'command', 'execut', 'except', 'org', 'eclips', 'gef', 'mvc', 'fx', 'handler', 'abstract', 'handler', 'org', 'eclips', 'gef', 'mvc', 'fx', 'handler', 'ion', 'click', 'handler', 'org', 'eclips', 'gef', 'mvc', 'fx', 'oper', 'chang', 'select', 'oper', 'org', 'eclips', 'gef', 'mvc', 'fx', 'oper', 'itransact', 'oper', 'org', 'eclips', 'gef', 'mvc', 'fx', 'part', 'icont', 'part', 'org', 'eclips', 'gef', 'mvc', 'fx', 'part', 'iroot', 'part', 'org', 'eclips', 'gef', 'mvc', 'fx', 'part', 'ivisu', 'part', 'org', 'eclips', 'gef', 'mvc', 'fx', 'polici', 'creation', 'polici', 'org', 'eclips', 'gef', 'mvc', 'fx', 'viewer', 'iview', 'com', 'googl', 'common', 'collect', 'hash', 'multimap', 'com', 'googl', 'common', 'reflect', 'type', 'token', 'javafx', 'scene', 'node', 'javafx', 'scene', 'input', 'mous', 'event', 'se', 'kau', 'cs', 'jittac', 'eclips', 'ui', 'model', 'item', 'creation', 'model', 'se', 'kau', 'cs', 'jittac', 'eclips', 'ui', 'oper', 'mark', 'connector', 'as', 'envisag', 'oper', 'se', 'kau', 'cs', 'jittac', 'eclips', 'ui', 'part', 'architectur', 'model', 'part', 'se', 'kau', 'cs', 'jittac', 'eclips', 'ui', 'part', 'compon', 'part', 'se', 'kau', 'cs', 'jittac', 'model', 'am', 'connector', 'se', 'kau', 'cs', 'jittac', 'eclipse', 'ui', 'policies']"
DisableJavaCodeAnalysisHandler.java,jdt-build,"['com', 'googl', 'common', 'collect', 'list', 'new', 'array', 'list', 'util', 'array', 'list', 'util', 'collect', 'se', 'kau', 'cs', 'jittac', 'eclips', 'jittac', 'java', 'natur', 'org', 'eclips', 'core', 'command', 'execut', 'event', 'org', 'eclips', 'core', 'command', 'execut', 'except', 'org', 'eclips', 'core', 'express', 'evalu', 'context', 'org', 'eclips', 'core', 'express', 'ievalu', 'context', 'org', 'eclips', 'core', 'resourc', 'iproject', 'org', 'eclips', 'core', 'resourc', 'iproject', 'descript', 'org', 'eclips', 'core', 'runtim', 'core', 'except', 'org', 'eclips', 'jdt', 'core', 'java', 'core', 'se', 'kau', 'cs', 'jittac', 'eclipse', 'builders', 'jdt', 'commands']"
DummyProgressMonitor.java,eclipse-main,"['org', 'eclips', 'core', 'runtim', 'iprogress', 'monitor', 'se', 'kau', 'cs', 'jittac', 'eclipse', 'util']"
EclipseJittacProject.java,eclipse-resource-mapping,"['util', 'hash', 'set', 'util', 'map', 'util', 'set', 'org', 'apach', 'common', 'collect', 'map', 'hash', 'map', 'org', 'eclips', 'core', 'resourc', 'icontain', 'org', 'eclips', 'core', 'resourc', 'iproject', 'org', 'eclips', 'core', 'resourc', 'iresourc', 'org', 'eclips', 'core', 'runtim', 'core', 'except', 'se', 'kau', 'cs', 'jittac', 'model', 'am', 'architectur', 'model', 'se', 'kau', 'cs', 'jittac', 'model', 'im', 'iimplement', 'model', 'se', 'kau', 'cs', 'jittac', 'model', 'im', 'implement', 'model', 'se', 'kau', 'cs', 'jittac', 'model', 'map', 'abstract', 'jittac', 'project', 'se', 'kau', 'cs', 'jittac', 'model', 'map', 'ijittac', 'project', 'se', 'kau', 'cs', 'jittac', 'model', 'map', 'ijittac', 'resourc', 'se', 'kau', 'cs', 'jittac', 'model', 'map', 'imapp', 'element', 'se', 'kau', 'cs', 'jittac', 'model', 'mapping', 'eclipse']"
EclipseJittacResource.java,eclipse-resource-mapping,"['util', 'set', 'org', 'eclips', 'core', 'resourc', 'iresourc', 'se', 'kau', 'cs', 'jittac', 'model', 'map', 'abstract', 'jittac', 'resourc', 'se', 'kau', 'cs', 'jittac', 'model', 'map', 'ijittac', 'project', 'se', 'kau', 'cs', 'jittac', 'model', 'map', 'ijittac', 'resourc', 'se', 'kau', 'cs', 'jittac', 'model', 'map', 'imapp', 'element', 'se', 'kau', 'cs', 'jittac', 'model', 'mapping', 'eclipse']"
EclipseJittacResourceFactory.java,eclipse-resource-mapping,"['org', 'eclips', 'core', 'resourc', 'iproject', 'org', 'eclips', 'core', 'resourc', 'iresourc', 'org', 'eclips', 'core', 'resourc', 'resourc', 'plugin', 'org', 'eclips', 'core', 'runtim', 'ipath', 'org', 'eclips', 'core', 'runtim', 'path', 'se', 'kau', 'cs', 'jittac', 'model', 'map', 'ijittac', 'project', 'se', 'kau', 'cs', 'jittac', 'model', 'map', 'ijittac', 'resourc', 'se', 'kau', 'cs', 'jittac', 'model', 'map', 'ijittac', 'resourc', 'factori', 'se', 'kau', 'cs', 'jittac', 'model', 'mapping', 'eclipse']"
EnableJavaCodeAnalysisHandler.java,jdt-build,"['com', 'googl', 'common', 'collect', 'object', 'array', 'concat', 'net', 'sourceforg', 'actool', 'jdt', 'actool', 'jdt', 'error', 'statu', 'util', 'collect', 'jittac', 'jdt', 'java', 'ac', 'se', 'kau', 'cs', 'jittac', 'eclips', 'jittac', 'java', 'natur', 'org', 'eclips', 'core', 'command', 'execut', 'event', 'org', 'eclips', 'core', 'command', 'execut', 'except', 'org', 'eclips', 'core', 'express', 'evalu', 'context', 'org', 'eclips', 'core', 'express', 'ievalu', 'context', 'org', 'eclips', 'core', 'resourc', 'iproject', 'org', 'eclips', 'core', 'resourc', 'iproject', 'descript', 'org', 'eclips', 'core', 'runtim', 'core', 'except', 'org', 'eclips', 'jdt', 'core', 'java', 'core', 'se', 'kau', 'cs', 'jittac', 'eclipse', 'builders', 'jdt', 'commands']"
FeatureAnnotationProcessor.java,jdt-build,"['org', 'eclips', 'core', 'resourc', 'iresourc', 'org', 'eclips', 'jdt', 'core', 'icompil', 'unit', 'org', 'eclips', 'jdt', 'core', 'java', 'model', 'except', 'org', 'eclips', 'jdt', 'core', 'dom', 'astvisitor', 'org', 'eclips', 'jdt', 'core', 'dom', 'line', 'comment', 'se', 'kau', 'cs', 'jittac', 'model', 'featur', 'featur', 'se', 'kau', 'cs', 'jittac', 'model', 'featur', 'featur', 'locat', 'se', 'kau', 'cs', 'jittac', 'model', 'featur', 'featur', 'locat', 'registri', 'se', 'kau', 'cs', 'jittac', 'model', 'map', 'eclips', 'eclips', 'jittac', 'project', 'se', 'kau', 'cs', 'jittac', 'model', 'map', 'eclips', 'eclips', 'jittac', 'resourc', 'se', 'kau', 'cs', 'jittac', 'eclipse', 'builders', 'jdt']"
FeatureDependencyMatrixView.java,eclipse-ui,"['io', 'buffer', 'writer', 'io', 'file', 'io', 'file', 'writer', 'io', 'ioexcept', 'net', 'urisyntax', 'except', 'net', 'url', 'util', 'array', 'list', 'util', 'hash', 'map', 'util', 'hash', 'set', 'util', 'map', 'util', 'random', 'util', 'set', 'org', 'eclips', 'core', 'runtim', 'file', 'locat', 'org', 'eclips', 'jdt', 'core', 'imemb', 'org', 'eclips', 'jdt', 'core', 'java', 'model', 'except', 'org', 'eclips', 'jface', 'viewer', 'iselect', 'org', 'eclips', 'jface', 'viewer', 'istructur', 'content', 'provid', 'org', 'eclips', 'jface', 'viewer', 'istructur', 'select', 'org', 'eclips', 'jface', 'viewer', 'itabl', 'label', 'provid', 'org', 'eclips', 'jface', 'viewer', 'label', 'provid', 'org', 'eclips', 'jface', 'viewer', 'tabl', 'viewer', 'org', 'eclips', 'jface', 'viewer', 'viewer', 'org', 'eclips', 'jface', 'viewer', 'viewer', 'compar', 'org', 'eclips', 'swt', 'swt', 'org', 'eclips', 'swt', 'graphic', 'imag', 'org', 'eclips', 'swt', 'widget', 'composit', 'org', 'eclips', 'swt', 'widget', 'tabl', 'column', 'org', 'eclips', 'ui', 'iselect', 'listen', 'org', 'eclips', 'ui', 'iview', 'site', 'org', 'eclips', 'ui', 'iworkbench', 'part', 'org', 'eclips', 'ui', 'part', 'init', 'except', 'org', 'eclips', 'ui', 'part', 'view', 'part', 'se', 'kau', 'cs', 'jittac', 'eclips', 'builder', 'jdt', 'jdtjava', 'refer', 'se', 'kau', 'cs', 'jittac', 'eclips', 'ui', 'editor', 'architectur', 'model', 'editor', 'se', 'kau', 'cs', 'jittac', 'model', 'am', 'compon', 'se', 'kau', 'cs', 'jittac', 'model', 'am', 'connector', 'se', 'kau', 'cs', 'jittac', 'model', 'featur', 'featur', 'se', 'kau', 'cs', 'jittac', 'model', 'featur', 'featur', 'locat', 'registri', 'se', 'kau', 'cs', 'jittac', 'model', 'im', 'ixrefer', 'se', 'kau', 'cs', 'jittac', 'model', 'map', 'ijittac', 'resourc', 'se', 'kau', 'cs', 'jittac', 'eclipse', 'ui', 'views']"
FeatureLocationCSV.java,eclipse-main,"['io', 'buffer', 'reader', 'io', 'file', 'io', 'file', 'not', 'found', 'except', 'io', 'file', 'reader', 'io', 'ioexcept', 'org', 'eclips', 'core', 'resourc', 'iproject', 'org', 'eclips', 'core', 'resourc', 'iresourc', 'org', 'eclips', 'core', 'resourc', 'resourc', 'plugin', 'se', 'kau', 'cs', 'jittac', 'model', 'featur', 'featur', 'se', 'kau', 'cs', 'jittac', 'model', 'featur', 'featur', 'locat', 'se', 'kau', 'cs', 'jittac', 'model', 'featur', 'featur', 'locat', 'registri', 'se', 'kau', 'cs', 'jittac', 'model', 'map', 'ijittac', 'project', 'se', 'kau', 'cs', 'jittac', 'model', 'map', 'ijittac', 'resourc', 'se', 'kau', 'cs', 'jittac', 'model', 'map', 'eclips', 'eclips', 'jittac', 'project', 'se', 'kau', 'cs', 'jittac', 'eclipse', 'util']"
FeatureLocationTableView.java,eclipse-ui,"['org', 'eclips', 'jface', 'viewer', 'array', 'content', 'provid', 'org', 'eclips', 'jface', 'viewer', 'column', 'label', 'provid', 'org', 'eclips', 'jface', 'viewer', 'tabl', 'viewer', 'org', 'eclips', 'jface', 'viewer', 'tabl', 'viewer', 'column', 'org', 'eclips', 'swt', 'swt', 'org', 'eclips', 'swt', 'layout', 'grid', 'data', 'org', 'eclips', 'swt', 'widget', 'composit', 'org', 'eclips', 'swt', 'widget', 'tabl', 'org', 'eclips', 'swt', 'widget', 'tabl', 'column', 'org', 'eclips', 'ui', 'part', 'view', 'part', 'se', 'kau', 'cs', 'jittac', 'model', 'featur', 'featur', 'locat', 'se', 'kau', 'cs', 'jittac', 'model', 'featur', 'featur', 'locat', 'registri', 'se', 'kau', 'cs', 'jittac', 'eclipse', 'ui', 'views']"
HoverFeedbackPartFactory.java,eclipse-ui,"['util', 'array', 'list', 'util', 'list', 'util', 'map', 'org', 'eclips', 'gef', 'common', 'adapt', 'adapt', 'key', 'org', 'eclips', 'gef', 'fx', 'util', 'node', 'util', 'org', 'eclips', 'gef', 'geometri', 'planar', 'igeometri', 'org', 'eclips', 'gef', 'mvc', 'fx', 'part', 'default', 'hover', 'feedback', 'part', 'factori', 'org', 'eclips', 'gef', 'mvc', 'fx', 'part', 'hover', 'feedback', 'part', 'org', 'eclips', 'gef', 'mvc', 'fx', 'part', 'ifeedback', 'part', 'org', 'eclips', 'gef', 'mvc', 'fx', 'part', 'ifeedback', 'part', 'factori', 'org', 'eclips', 'gef', 'mvc', 'fx', 'part', 'ivisu', 'part', 'com', 'googl', 'common', 'reflect', 'type', 'token', 'com', 'googl', 'inject', 'inject', 'com', 'googl', 'inject', 'injector', 'com', 'googl', 'inject', 'provid', 'javafx', 'scene', 'node', 'se', 'kau', 'cs', 'jittac', 'eclipse', 'ui', 'parts']"
IArchitectureElement.java,architecture-model,"['util', 'uuid', 'se', 'kau', 'cs', 'jittac', 'model', 'am']"
IArchitectureMappingChangeListener.java,resource-mapping,"['se', 'kau', 'cs', 'jittac', 'model', 'mapping', 'events']"
IArchitectureModelChangeListener.java,architecture-model,"['se', 'kau', 'cs', 'jittac', 'model', 'am', 'events']"
IArchitectureModelVisitor.java,architecture-model,"['se', 'kau', 'cs', 'jittac', 'model', 'am', 'architectur', 'model', 'se', 'kau', 'cs', 'jittac', 'model', 'am', 'events']"
IImplementationChangeListener.java,impl-model,"['se', 'kau', 'cs', 'jittac', 'model', 'im', 'iimplement', 'model', 'se', 'kau', 'cs', 'jittac', 'model', 'im', 'events']"
IImplementationModel.java,impl-model,"['util', 'set', 'se', 'kau', 'cs', 'jittac', 'model', 'im', 'event', 'build', 'event', 'se', 'kau', 'cs', 'jittac', 'model', 'im', 'event', 'build', 'event', 'listen', 'se', 'kau', 'cs', 'jittac', 'model', 'im', 'event', 'iimplement', 'chang', 'listen', 'se', 'kau', 'cs', 'jittac', 'model', 'im', 'event', 'xrefer', 'chang', 'delta', 'event', 'se', 'kau', 'cs', 'jittac', 'model', 'map', 'ijittac', 'project', 'se', 'kau', 'cs', 'jittac', 'model', 'map', 'imapp', 'element', 'se', 'kau', 'cs', 'jittac', 'model', 'im']"
IImplementationModelElement.java,impl-model,"['se', 'kau', 'cs', 'jittac', 'model', 'map', 'ijittac', 'resourc', 'se', 'kau', 'cs', 'jittac', 'model', 'im']"
IJittacProject.java,resource-mapping,"['se', 'kau', 'cs', 'jittac', 'model', 'am', 'architectur', 'model', 'se', 'kau', 'cs', 'jittac', 'model', 'im', 'iimplement', 'model', 'se', 'kau', 'cs', 'jittac', 'model', 'mapping']"
IJittacResource.java,resource-mapping,"['se', 'kau', 'cs', 'jittac', 'model', 'mapping']"
IJittacResourceFactory.java,resource-mapping,"['se', 'kau', 'cs', 'jittac', 'model', 'mapping']"
IMappableElement.java,resource-mapping,"['util', 'set', 'se', 'kau', 'cs', 'jittac', 'model', 'mapping']"
IXReference.java,impl-model,"['se', 'kau', 'cs', 'jittac', 'model', 'map', 'ijittac', 'resourc', 'se', 'kau', 'cs', 'jittac', 'model', 'im']"
IXReferenceType.java,impl-model,"['se', 'kau', 'cs', 'jittac', 'model', 'im']"
ImplementationModel.java,impl-model,"['util', 'array', 'list', 'util', 'hash', 'map', 'util', 'hash', 'set', 'util', 'list', 'util', 'map', 'util', 'set', 'se', 'kau', 'cs', 'jittac', 'model', 'im', 'event', 'build', 'event', 'se', 'kau', 'cs', 'jittac', 'model', 'im', 'event', 'build', 'event', 'listen', 'se', 'kau', 'cs', 'jittac', 'model', 'im', 'event', 'iimplement', 'chang', 'listen', 'se', 'kau', 'cs', 'jittac', 'model', 'im', 'event', 'xrefer', 'chang', 'delta', 'event', 'se', 'kau', 'cs', 'jittac', 'model', 'map', 'ijittac', 'project', 'se', 'kau', 'cs', 'jittac', 'model', 'map', 'ijittac', 'resourc', 'se', 'kau', 'cs', 'jittac', 'model', 'map', 'imapp', 'element', 'se', 'kau', 'cs', 'jittac', 'model', 'im']"
ImplementationModelBuilder.java,impl-model,"['se', 'kau', 'cs', 'jittac', 'model', 'im']"
ImplementationModelFactory.java,impl-model,"['se', 'kau', 'cs', 'jittac', 'model', 'im']"
ImplementationModelFactoryRegistry.java,impl-model,"['util', 'hash', 'map', 'se', 'kau', 'cs', 'jittac', 'model', 'im']"
ImplementationModelPartition.java,impl-model,"['util', 'array', 'list', 'util', 'hash', 'map', 'util', 'hash', 'set', 'util', 'list', 'util', 'map', 'util', 'set', 'se', 'kau', 'cs', 'jittac', 'model', 'im', 'event', 'build', 'end', 'event', 'se', 'kau', 'cs', 'jittac', 'model', 'im', 'event', 'build', 'start', 'event', 'se', 'kau', 'cs', 'jittac', 'model', 'map', 'ijittac', 'resourc', 'se', 'kau', 'cs', 'jittac', 'model', 'im']"
ImplementationModelPartitionType.java,impl-model,"['se', 'kau', 'cs', 'jittac', 'model', 'im']"
ImplementationModelReader.java,impl-model,"['io', 'buffer', 'reader', 'io', 'ioexcept', 'io', 'input', 'stream', 'io', 'input', 'stream', 'reader', 'se', 'kau', 'cs', 'jittac', 'model', 'im', 'iimplement', 'model', 'se', 'kau', 'cs', 'jittac', 'model', 'im', 'ixrefer', 'se', 'kau', 'cs', 'jittac', 'model', 'im', 'implement', 'model', 'factori', 'se', 'kau', 'cs', 'jittac', 'model', 'im', 'implement', 'model', 'factori', 'registri', 'se', 'kau', 'cs', 'jittac', 'model', 'im', 'implement', 'model', 'partit', 'se', 'kau', 'cs', 'jittac', 'model', 'im', 'io']"
ImplementationModelWriter.java,impl-model,"['io', 'ioexcept', 'io', 'output', 'stream', 'io', 'output', 'stream', 'writer', 'se', 'kau', 'cs', 'jittac', 'model', 'im', 'iimplement', 'model', 'se', 'kau', 'cs', 'jittac', 'model', 'im', 'iimplement', 'model', 'element', 'se', 'kau', 'cs', 'jittac', 'model', 'im', 'ixrefer', 'se', 'kau', 'cs', 'jittac', 'model', 'im', 'implement', 'model', 'factori', 'se', 'kau', 'cs', 'jittac', 'model', 'im', 'implement', 'model', 'factori', 'registri', 'se', 'kau', 'cs', 'jittac', 'model', 'im', 'implement', 'model', 'partit', 'se', 'kau', 'cs', 'jittac', 'model', 'im', 'io']"
ItemCreationModel.java,eclipse-ui,"['javafx', 'bean', 'properti', 'object', 'properti', 'javafx', 'bean', 'properti', 'simpl', 'object', 'properti', 'se', 'kau', 'cs', 'jittac', 'eclips', 'ui', 'part', 'compon', 'part', 'se', 'kau', 'cs', 'jittac', 'eclipse', 'ui', 'models']"
JDTImplementationModelFactory.java,jdt-build,"['org', 'eclips', 'jdt', 'core', 'ijava', 'element', 'org', 'eclips', 'jdt', 'core', 'java', 'core', 'se', 'kau', 'cs', 'jittac', 'model', 'im', 'iimplement', 'model', 'element', 'se', 'kau', 'cs', 'jittac', 'model', 'im', 'ixrefer', 'se', 'kau', 'cs', 'jittac', 'model', 'im', 'ixrefer', 'type', 'se', 'kau', 'cs', 'jittac', 'model', 'im', 'implement', 'model', 'factori', 'se', 'kau', 'cs', 'jittac', 'model', 'im', 'implement', 'model', 'factori', 'registri', 'se', 'kau', 'cs', 'jittac', 'model', 'im', 'implement', 'model', 'partit', 'se', 'kau', 'cs', 'jittac', 'model', 'im', 'implement', 'model', 'partit', 'type', 'se', 'kau', 'cs', 'jittac', 'eclipse', 'builders', 'jdt']"
JDTJavaImplementationModelPartitionType.java,jdt-build,"['se', 'kau', 'cs', 'jittac', 'model', 'im', 'implement', 'model', 'partit', 'type', 'se', 'kau', 'cs', 'jittac', 'eclipse', 'builders', 'jdt']"
JDTJavaModelElement.java,jdt-build,"['org', 'eclips', 'jdt', 'core', 'ifield', 'org', 'eclips', 'jdt', 'core', 'iimport', 'declar', 'org', 'eclips', 'jdt', 'core', 'ijava', 'element', 'org', 'eclips', 'jdt', 'core', 'imemb', 'org', 'eclips', 'jdt', 'core', 'imethod', 'org', 'eclips', 'jdt', 'core', 'ityp', 'org', 'eclips', 'jdt', 'core', 'java', 'core', 'org', 'eclips', 'jdt', 'core', 'java', 'model', 'except', 'org', 'eclips', 'jdt', 'core', 'signatur', 'se', 'kau', 'cs', 'jittac', 'model', 'im', 'iimplement', 'model', 'se', 'kau', 'cs', 'jittac', 'model', 'im', 'iimplement', 'model', 'element', 'se', 'kau', 'cs', 'jittac', 'model', 'im', 'ixrefer', 'se', 'kau', 'cs', 'jittac', 'model', 'im', 'implement', 'model', 'partit', 'se', 'kau', 'cs', 'jittac', 'model', 'map', 'ijittac', 'project', 'se', 'kau', 'cs', 'jittac', 'model', 'map', 'ijittac', 'resourc', 'se', 'kau', 'cs', 'jittac', 'model', 'map', 'ijittac', 'resourc', 'factori', 'se', 'kau', 'cs', 'jittac', 'model', 'map', 'eclips', 'eclips', 'jittac', 'project', 'se', 'kau', 'cs', 'jittac', 'model', 'map', 'eclips', 'eclips', 'jittac', 'resourc', 'se', 'kau', 'cs', 'jittac', 'model', 'map', 'eclips', 'eclips', 'jittac', 'resourc', 'factori', 'se', 'kau', 'cs', 'jittac', 'eclipse', 'builders', 'jdt']"
JDTJavaReference.java,jdt-build,"['org', 'eclips', 'jdt', 'core', 'ijava', 'element', 'org', 'eclips', 'jdt', 'core', 'dom', 'astnod', 'se', 'kau', 'cs', 'jittac', 'model', 'im', 'iimplement', 'model', 'element', 'se', 'kau', 'cs', 'jittac', 'model', 'im', 'ixrefer', 'se', 'kau', 'cs', 'jittac', 'model', 'im', 'ixrefer', 'type', 'se', 'kau', 'cs', 'jittac', 'model', 'im', 'implement', 'model', 'partit', 'se', 'kau', 'cs', 'jittac', 'model', 'map', 'ijittac', 'resourc', 'se', 'kau', 'cs', 'jittac', 'eclipse', 'builders', 'jdt']"
JDTJavaReferenceCodeInformation.java,jdt-build,"['org', 'eclips', 'jdt', 'core', 'dom', 'astnod', 'org', 'eclips', 'jdt', 'core', 'dom', 'compil', 'unit', 'se', 'kau', 'cs', 'jittac', 'eclipse', 'builders', 'jdt']"
JavaASTHandler.java,jdt-build,"['com', 'googl', 'common', 'base', 'precondit', 'check', 'not', 'null', 'text', 'messag', 'format', 'util', 'list', 'se', 'kau', 'cs', 'jittac', 'model', 'im', 'iimplement', 'model', 'se', 'kau', 'cs', 'jittac', 'model', 'map', 'eclips', 'eclips', 'jittac', 'project', 'org', 'eclips', 'core', 'runtim', 'iprogress', 'monitor', 'org', 'eclips', 'jdt', 'core', 'icompil', 'unit', 'org', 'eclips', 'jdt', 'core', 'dom', 'astrequestor', 'org', 'eclips', 'jdt', 'core', 'dom', 'comment', 'org', 'eclips', 'jdt', 'core', 'dom', 'compil', 'unit', 'org', 'eclips', 'jdt', 'core', 'dom', 'line', 'comment', 'se', 'kau', 'cs', 'jittac', 'eclipse', 'builders', 'jdt']"
JavaASTProcessorSH.java,jdt-build,"['org', 'eclips', 'jdt', 'core', 'ijava', 'element', 'packag', 'fragment', 'root', 'org', 'eclips', 'jdt', 'core', 'ipackag', 'fragment', 'root', 'k', 'binari', 'util', 'array', 'util', 'iter', 'util', 'set', 'util', 'stack', 'org', 'eclips', 'core', 'resourc', 'iresourc', 'org', 'eclips', 'jdt', 'core', 'icompil', 'unit', 'org', 'eclips', 'jdt', 'core', 'ijava', 'element', 'org', 'eclips', 'jdt', 'core', 'ipackag', 'fragment', 'root', 'org', 'eclips', 'jdt', 'core', 'java', 'model', 'except', 'org', 'eclips', 'jdt', 'core', 'dom', 'astnod', 'org', 'eclips', 'jdt', 'core', 'dom', 'astvisitor', 'org', 'eclips', 'jdt', 'core', 'dom', 'anonym', 'class', 'declar', 'org', 'eclips', 'jdt', 'core', 'dom', 'array', 'access', 'org', 'eclips', 'jdt', 'core', 'dom', 'assign', 'org', 'eclips', 'jdt', 'core', 'dom', 'class', 'instanc', 'creation', 'org', 'eclips', 'jdt', 'core', 'dom', 'compil', 'unit', 'org', 'eclips', 'jdt', 'core', 'dom', 'express', 'org', 'eclips', 'jdt', 'core', 'dom', 'field', 'access', 'org', 'eclips', 'jdt', 'core', 'dom', 'field', 'declar', 'org', 'eclips', 'jdt', 'core', 'dom', 'ibind', 'org', 'eclips', 'jdt', 'core', 'dom', 'imethod', 'bind', 'org', 'eclips', 'jdt', 'core', 'dom', 'ityp', 'bind', 'org', 'eclips', 'jdt', 'core', 'dom', 'ivari', 'bind', 'org', 'eclips', 'jdt', 'core', 'dom', 'import', 'declar', 'org', 'eclips', 'jdt', 'core', 'dom', 'method', 'declar', 'org', 'eclips', 'jdt', 'core', 'dom', 'method', 'invoc', 'org', 'eclips', 'jdt', 'core', 'dom', 'name', 'org', 'eclips', 'jdt', 'core', 'dom', 'parenthes', 'express', 'org', 'eclips', 'jdt', 'core', 'dom', 'qualifi', 'name', 'org', 'eclips', 'jdt', 'core', 'dom', 'qualifi', 'type', 'org', 'eclips', 'jdt', 'core', 'dom', 'simpl', 'name', 'org', 'eclips', 'jdt', 'core', 'dom', 'simpl', 'type', 'org', 'eclips', 'jdt', 'core', 'dom', 'super', 'constructor', 'invoc', 'org', 'eclips', 'jdt', 'core', 'dom', 'super', 'field', 'access', 'org', 'eclips', 'jdt', 'core', 'dom', 'super', 'method', 'invoc', 'org', 'eclips', 'jdt', 'core', 'dom', 'type', 'org', 'eclips', 'jdt', 'core', 'dom', 'type', 'declar', 'org', 'eclips', 'jdt', 'core', 'dom', 'variabl', 'declar', 'fragment', 'org', 'eclips', 'jdt', 'core', 'dom', 'variabl', 'declar', 'statement', 'se', 'kau', 'cs', 'jittac', 'model', 'featur', 'featur', 'se', 'kau', 'cs', 'jittac', 'model', 'featur', 'featur', 'locat', 'se', 'kau', 'cs', 'jittac', 'model', 'featur', 'featur', 'locat', 'registri', 'se', 'kau', 'cs', 'jittac', 'model', 'im', 'build', 'unit', 'se', 'kau', 'cs', 'jittac', 'model', 'im', 'iimplement', 'model', 'se', 'kau', 'cs', 'jittac', 'model', 'im', 'ixrefer', 'type', 'se', 'kau', 'cs', 'jittac', 'model', 'im', 'implement', 'model', 'factori', 'se', 'kau', 'cs', 'jittac', 'model', 'im', 'implement', 'model', 'factori', 'registri', 'se', 'kau', 'cs', 'jittac', 'model', 'im', 'implement', 'model', 'partit', 'se', 'kau', 'cs', 'jittac', 'model', 'map', 'eclips', 'eclips', 'jittac', 'resourc', 'se', 'kau', 'cs', 'jittac', 'model', 'map', 'eclips', 'eclips', 'jittac', 'project', 'se', 'kau', 'cs', 'jittac', 'eclipse', 'builders', 'jdt']"
JavaImplementationModelBuilder.java,jdt-build,"['com', 'googl', 'common', 'collect', 'list', 'new', 'array', 'list', 'com', 'googl', 'common', 'collect', 'list', 'new', 'link', 'list', 'lang', 'math', 'min', 'lang', 'system', 'arraycopi', 'util', 'array', 'as', 'list', 'util', 'collect', 'empti', 'list', 'util', 'collect', 'singleton', 'util', 'regex', 'pattern', 'compil', 'org', 'eclips', 'core', 'resourc', 'iresourc', 'file', 'org', 'eclips', 'core', 'resourc', 'iresourc', 'folder', 'org', 'eclips', 'core', 'resourc', 'iresourc', 'project', 'org', 'eclips', 'core', 'resourc', 'iresourc', 'delta', 'ad', 'org', 'eclips', 'core', 'resourc', 'iresourc', 'delta', 'chang', 'org', 'eclips', 'core', 'resourc', 'iresourc', 'delta', 'remov', 'org', 'eclips', 'jdt', 'core', 'ipackag', 'fragment', 'root', 'k', 'sourc', 'util', 'array', 'list', 'util', 'collect', 'util', 'list', 'util', 'map', 'util', 'regex', 'pattern', 'se', 'kau', 'cs', 'jittac', 'model', 'im', 'build', 'unit', 'se', 'kau', 'cs', 'jittac', 'model', 'im', 'iimplement', 'model', 'se', 'kau', 'cs', 'jittac', 'model', 'im', 'implement', 'model', 'partit', 'se', 'kau', 'cs', 'jittac', 'model', 'im', 'implement', 'model', 'partit', 'type', 'se', 'kau', 'cs', 'jittac', 'model', 'map', 'ijittac', 'project', 'se', 'kau', 'cs', 'jittac', 'model', 'map', 'eclips', 'eclips', 'jittac', 'project', 'se', 'kau', 'cs', 'jittac', 'model', 'map', 'eclips', 'eclips', 'jittac', 'resourc', 'org', 'eclips', 'core', 'resourc', 'iproject', 'org', 'eclips', 'core', 'resourc', 'iresourc', 'org', 'eclips', 'core', 'resourc', 'iresourc', 'delta', 'org', 'eclips', 'core', 'resourc', 'iresourc', 'delta', 'visitor', 'org', 'eclips', 'core', 'resourc', 'increment', 'project', 'builder', 'org', 'eclips', 'core', 'runtim', 'core', 'except', 'org', 'eclips', 'core', 'runtim', 'iprogress', 'monitor', 'org', 'eclips', 'core', 'runtim', 'oper', 'cancel', 'except', 'org', 'eclips', 'core', 'runtim', 'sub', 'progress', 'monitor', 'org', 'eclips', 'jdt', 'core', 'icompil', 'unit', 'org', 'eclips', 'jdt', 'core', 'ijava', 'element', 'org', 'eclips', 'jdt', 'core', 'ijava', 'project', 'org', 'eclips', 'jdt', 'core', 'ipackag', 'fragment', 'org', 'eclips', 'jdt', 'core', 'ipackag', 'fragment', 'root', 'org', 'eclips', 'jdt', 'core', 'java', 'core', 'org', 'eclips', 'jdt', 'core', 'java', 'model', 'except', 'org', 'eclips', 'jdt', 'core', 'dom', 'ast', 'org', 'eclips', 'jdt', 'core', 'dom', 'astpars', 'se', 'kau', 'cs', 'jittac', 'eclipse', 'builders', 'jdt']"
JittacJavaNature.java,eclipse-main,"['lang', 'system', 'arraycopi', 'org', 'eclips', 'core', 'resourc', 'icommand', 'org', 'eclips', 'core', 'resourc', 'iproject', 'org', 'eclips', 'core', 'resourc', 'iproject', 'descript', 'org', 'eclips', 'core', 'resourc', 'iproject', 'natur', 'org', 'eclips', 'core', 'runtim', 'core', 'except', 'se', 'kau', 'cs', 'jittac', 'eclips', 'builder', 'jdt', 'java', 'implement', 'model', 'builder', 'se', 'kau', 'cs', 'jittac', 'eclipse']"
JittacResourceModelRegistry.java,resource-mapping,"['util', 'map', 'org', 'apach', 'common', 'collect', 'map', 'hash', 'map', 'se', 'kau', 'cs', 'jittac', 'model', 'mapping']"
ManagedProjectAddedEvent.java,resource-mapping,"['se', 'kau', 'cs', 'jittac', 'model', 'map', 'architectur', 'map', 'se', 'kau', 'cs', 'jittac', 'model', 'map', 'ijittac', 'project', 'se', 'kau', 'cs', 'jittac', 'model', 'mapping', 'events']"
ManagedProjectRemovedEvent.java,resource-mapping,"['se', 'kau', 'cs', 'jittac', 'model', 'map', 'architectur', 'map', 'se', 'kau', 'cs', 'jittac', 'model', 'map', 'ijittac', 'project', 'se', 'kau', 'cs', 'jittac', 'model', 'mapping', 'events']"
MappingAdditionEvent.java,resource-mapping,"['se', 'kau', 'cs', 'jittac', 'model', 'am', 'compon', 'se', 'kau', 'cs', 'jittac', 'model', 'map', 'architectur', 'map', 'se', 'kau', 'cs', 'jittac', 'model', 'map', 'imapp', 'element', 'se', 'kau', 'cs', 'jittac', 'model', 'mapping', 'events']"
MappingRemovalEvent.java,resource-mapping,"['se', 'kau', 'cs', 'jittac', 'model', 'am', 'compon', 'se', 'kau', 'cs', 'jittac', 'model', 'map', 'architectur', 'map', 'se', 'kau', 'cs', 'jittac', 'model', 'map', 'imapp', 'element', 'se', 'kau', 'cs', 'jittac', 'model', 'mapping', 'events']"
MarkConnectorAsEnvisagedOperation.java,eclipse-ui,"['org', 'eclips', 'core', 'command', 'execut', 'except', 'org', 'eclips', 'core', 'command', 'oper', 'abstract', 'oper', 'org', 'eclips', 'core', 'runtim', 'iadapt', 'org', 'eclips', 'core', 'runtim', 'iprogress', 'monitor', 'org', 'eclips', 'core', 'runtim', 'istatu', 'org', 'eclips', 'core', 'runtim', 'statu', 'org', 'eclips', 'gef', 'mvc', 'fx', 'oper', 'itransact', 'oper', 'se', 'kau', 'cs', 'jittac', 'model', 'am', 'connector', 'se', 'kau', 'cs', 'jittac', 'eclipse', 'ui', 'operations']"
ModelManager.java,eclipse-main,"['io', 'file', 'io', 'file', 'input', 'stream', 'io', 'file', 'not', 'found', 'except', 'io', 'file', 'output', 'stream', 'io', 'filenam', 'filter', 'io', 'ioexcept', 'io', 'input', 'stream', 'io', 'output', 'stream', 'util', 'hash', 'set', 'util', 'map', 'util', 'set', 'org', 'apach', 'common', 'collect', 'bidi', 'map', 'org', 'apach', 'common', 'collect', 'bidimap', 'dual', 'hash', 'bidi', 'map', 'org', 'apach', 'common', 'collect', 'map', 'hash', 'map', 'org', 'eclips', 'core', 'resourc', 'ifil', 'org', 'eclips', 'core', 'resourc', 'iproject', 'org', 'eclips', 'core', 'runtim', 'core', 'except', 'org', 'eclips', 'core', 'runtim', 'ipath', 'se', 'kau', 'cs', 'jittac', 'eclips', 'codesupport', 'problem', 'marker', 'se', 'kau', 'cs', 'jittac', 'model', 'am', 'architectur', 'model', 'se', 'kau', 'cs', 'jittac', 'model', 'am', 'io', 'architectur', 'model', 'reader', 'se', 'kau', 'cs', 'jittac', 'model', 'im', 'iimplement', 'model', 'se', 'kau', 'cs', 'jittac', 'model', 'im', 'implement', 'model', 'partit', 'se', 'kau', 'cs', 'jittac', 'model', 'im', 'event', 'abstract', 'build', 'event', 'listen', 'se', 'kau', 'cs', 'jittac', 'model', 'im', 'event', 'build', 'end', 'event', 'se', 'kau', 'cs', 'jittac', 'model', 'im', 'io', 'implement', 'model', 'reader', 'se', 'kau', 'cs', 'jittac', 'model', 'im', 'io', 'implement', 'model', 'writer', 'se', 'kau', 'cs', 'jittac', 'model', 'map', 'ijittac', 'project', 'se', 'kau', 'cs', 'jittac', 'model', 'map', 'eclips', 'eclips', 'jittac', 'project', 'se', 'kau', 'cs', 'jittac', 'eclipse']"
NewArchitectureModelWizard.java,eclipse-ui,"['io', 'byte', 'array', 'input', 'stream', 'io', 'byte', 'array', 'output', 'stream', 'io', 'ioexcept', 'io', 'input', 'stream', 'io', 'pipe', 'input', 'stream', 'io', 'pipe', 'output', 'stream', 'lang', 'reflect', 'invoc', 'target', 'except', 'org', 'eclips', 'core', 'resourc', 'icontain', 'org', 'eclips', 'core', 'resourc', 'ifil', 'org', 'eclips', 'core', 'resourc', 'iresourc', 'org', 'eclips', 'core', 'resourc', 'iworkspac', 'root', 'org', 'eclips', 'core', 'resourc', 'resourc', 'plugin', 'org', 'eclips', 'core', 'runtim', 'core', 'except', 'org', 'eclips', 'core', 'runtim', 'ipath', 'org', 'eclips', 'core', 'runtim', 'iprogress', 'monitor', 'org', 'eclips', 'core', 'runtim', 'istatu', 'org', 'eclips', 'core', 'runtim', 'path', 'org', 'eclips', 'core', 'runtim', 'statu', 'org', 'eclips', 'jface', 'dialog', 'messag', 'dialog', 'org', 'eclips', 'jface', 'oper', 'irunn', 'with', 'progress', 'org', 'eclips', 'jface', 'viewer', 'istructur', 'select', 'org', 'eclips', 'jface', 'wizard', 'wizard', 'org', 'eclips', 'ui', 'inew', 'wizard', 'org', 'eclips', 'ui', 'iworkbench', 'org', 'eclips', 'ui', 'iworkbench', 'page', 'org', 'eclips', 'ui', 'iworkbench', 'wizard', 'org', 'eclips', 'ui', 'part', 'init', 'except', 'org', 'eclips', 'ui', 'platform', 'ui', 'org', 'eclips', 'ui', 'dialog', 'wizard', 'new', 'file', 'creation', 'page', 'org', 'eclips', 'ui', 'ide', 'ide', 'se', 'kau', 'cs', 'jittac', 'eclips', 'activ', 'se', 'kau', 'cs', 'jittac', 'model', 'am', 'architectur', 'model', 'se', 'kau', 'cs', 'jittac', 'model', 'am', 'io', 'architectur', 'model', 'writer', 'se', 'kau', 'cs', 'jittac', 'model', 'map', 'jittac', 'resourc', 'model', 'registri', 'se', 'kau', 'cs', 'jittac', 'eclipse', 'ui', 'wizards']"
PlainTextViolationReporter.java,report,"['io', 'ioexcept', 'io', 'output', 'stream', 'io', 'output', 'stream', 'writer', 'io', 'writer', 'util', 'array', 'util', 'collect', 'util', 'list', 'util', 'map', 'util', 'set', 'org', 'apach', 'common', 'collect', 'collect', 'util', 'se', 'kau', 'cs', 'jittac', 'model', 'am', 'architectur', 'model', 'se', 'kau', 'cs', 'jittac', 'model', 'am', 'compon', 'se', 'kau', 'cs', 'jittac', 'model', 'am', 'connector', 'se', 'kau', 'cs', 'jittac', 'model', 'im', 'ixrefer', 'se', 'kau', 'cs', 'jittac', 'model', 'im', 'ixrefer', 'type', 'se', 'kau', 'cs', 'jittac', 'model', 'report']"
ProblemMarker.java,eclipse-code-support,"['org', 'eclips', 'core', 'intern', 'resourc', 'marker', 'org', 'eclips', 'core', 'resourc', 'imark', 'org', 'eclips', 'core', 'resourc', 'iresourc', 'org', 'eclips', 'core', 'runtim', 'core', 'except', 'se', 'kau', 'cs', 'jittac', 'eclips', 'builder', 'jdt', 'jdtjava', 'refer', 'se', 'kau', 'cs', 'jittac', 'eclips', 'builder', 'jdt', 'jdtjava', 'refer', 'code', 'inform', 'se', 'kau', 'cs', 'jittac', 'model', 'am', 'connector', 'se', 'kau', 'cs', 'jittac', 'model', 'am', 'event', 'abstract', 'architectur', 'model', 'chang', 'listen', 'se', 'kau', 'cs', 'jittac', 'model', 'am', 'event', 'connector', 'refer', 'ad', 'event', 'se', 'kau', 'cs', 'jittac', 'model', 'am', 'event', 'connector', 'refer', 'remov', 'event', 'se', 'kau', 'cs', 'jittac', 'model', 'im', 'ixrefer', 'se', 'kau', 'cs', 'jittac', 'model', 'map', 'ijittac', 'resourc', 'se', 'kau', 'cs', 'jittac', 'model', 'map', 'eclips', 'eclips', 'jittac', 'resourc', 'se', 'kau', 'cs', 'jittac', 'model', 'map', 'eclips', 'eclips', 'jittac', 'resourc', 'factori', 'se', 'kau', 'cs', 'jittac', 'eclipse', 'codesupport']"
Projects.java,jdt-build,"['com', 'googl', 'common', 'collect', 'collect', 'filter', 'net', 'sourceforg', 'actool', 'jdt', 'actool', 'jdt', 'error', 'statu', 'util', 'collect', 'org', 'eclips', 'core', 'resourc', 'iproject', 'org', 'eclips', 'core', 'runtim', 'core', 'except', 'org', 'eclips', 'core', 'runtim', 'iadapt', 'org', 'eclips', 'jdt', 'core', 'java', 'core', 'com', 'googl', 'common', 'base', 'function', 'com', 'googl', 'common', 'base', 'predic', 'com', 'googl', 'common', 'collect', 'collect', 'se', 'kau', 'cs', 'jittac', 'eclipse', 'builders', 'jdt', 'util']"
ReferenceTableView.java,eclipse-ui,"['org', 'eclips', 'core', 'resourc', 'ifil', 'org', 'eclips', 'core', 'resourc', 'iresourc', 'org', 'eclips', 'jface', 'viewer', 'doubl', 'click', 'event', 'org', 'eclips', 'jface', 'viewer', 'idoubl', 'click', 'listen', 'org', 'eclips', 'jface', 'viewer', 'iselect', 'org', 'eclips', 'jface', 'viewer', 'istructur', 'content', 'provid', 'org', 'eclips', 'jface', 'viewer', 'istructur', 'select', 'org', 'eclips', 'jface', 'viewer', 'itabl', 'label', 'provid', 'org', 'eclips', 'jface', 'viewer', 'label', 'provid', 'org', 'eclips', 'jface', 'viewer', 'tabl', 'viewer', 'org', 'eclips', 'jface', 'viewer', 'viewer', 'org', 'eclips', 'jface', 'viewer', 'viewer', 'compar', 'org', 'eclips', 'swt', 'swt', 'org', 'eclips', 'swt', 'event', 'select', 'adapt', 'org', 'eclips', 'swt', 'event', 'select', 'event', 'org', 'eclips', 'swt', 'graphic', 'imag', 'org', 'eclips', 'swt', 'widget', 'composit', 'org', 'eclips', 'swt', 'widget', 'tabl', 'column', 'org', 'eclips', 'ui', 'ieditor', 'part', 'org', 'eclips', 'ui', 'iselect', 'listen', 'org', 'eclips', 'ui', 'iview', 'site', 'org', 'eclips', 'ui', 'iworkbench', 'part', 'org', 'eclips', 'ui', 'part', 'init', 'except', 'org', 'eclips', 'ui', 'ide', 'ide', 'org', 'eclips', 'ui', 'part', 'view', 'part', 'org', 'eclips', 'ui', 'texteditor', 'itext', 'editor', 'se', 'kau', 'cs', 'jittac', 'eclips', 'builder', 'jdt', 'jdtjava', 'refer', 'se', 'kau', 'cs', 'jittac', 'eclips', 'builder', 'jdt', 'jdtjava', 'refer', 'code', 'inform', 'se', 'kau', 'cs', 'jittac', 'eclips', 'ui', 'editor', 'architectur', 'model', 'editor', 'se', 'kau', 'cs', 'jittac', 'model', 'am', 'connector', 'se', 'kau', 'cs', 'jittac', 'model', 'im', 'ixrefer', 'se', 'kau', 'cs', 'jittac', 'model', 'map', 'ijittac', 'resourc', 'se', 'kau', 'cs', 'jittac', 'model', 'map', 'eclips', 'eclips', 'jittac', 'resourc', 'se', 'kau', 'cs', 'jittac', 'model', 'map', 'eclips', 'eclips', 'jittac', 'resourc', 'factori', 'se', 'kau', 'cs', 'jittac', 'eclipse', 'ui', 'views']"
ReporterUtils.java,report,"['util', 'array', 'list', 'util', 'collect', 'util', 'collect', 'util', 'compar', 'util', 'hash', 'set', 'util', 'list', 'util', 'map', 'util', 'set', 'org', 'apach', 'common', 'collect', 'map', 'hash', 'map', 'se', 'kau', 'cs', 'jittac', 'model', 'am', 'architectur', 'model', 'se', 'kau', 'cs', 'jittac', 'model', 'am', 'compon', 'se', 'kau', 'cs', 'jittac', 'model', 'am', 'connector', 'se', 'kau', 'cs', 'jittac', 'model', 'im', 'ixrefer', 'se', 'kau', 'cs', 'jittac', 'model', 'report']"
SelectionColorProvider.java,eclipse-ui,"['com', 'googl', 'inject', 'provid', 'javafx', 'scene', 'paint', 'color', 'se', 'kau', 'cs', 'jittac', 'eclipse', 'ui', 'parts']"
SetComponentNameOperation.java,eclipse-ui,"['org', 'eclips', 'core', 'command', 'execut', 'except', 'org', 'eclips', 'core', 'command', 'oper', 'abstract', 'oper', 'org', 'eclips', 'core', 'runtim', 'iadapt', 'org', 'eclips', 'core', 'runtim', 'iprogress', 'monitor', 'org', 'eclips', 'core', 'runtim', 'istatu', 'org', 'eclips', 'core', 'runtim', 'statu', 'org', 'eclips', 'gef', 'mvc', 'fx', 'oper', 'itransact', 'oper', 'se', 'kau', 'cs', 'jittac', 'eclips', 'ui', 'part', 'compon', 'part', 'se', 'kau', 'cs', 'jittac', 'model', 'am', 'compon', 'se', 'kau', 'cs', 'jittac', 'eclipse', 'ui', 'operations']"
ShowArchitectureElementContextMenuOnClickHandler.java,eclipse-ui,"['util', 'array', 'list', 'org', 'eclips', 'gef', 'mvc', 'fx', 'handler', 'abstract', 'handler', 'org', 'eclips', 'gef', 'mvc', 'fx', 'handler', 'ion', 'click', 'handler', 'org', 'eclips', 'gef', 'mvc', 'fx', 'model', 'hover', 'model', 'org', 'eclips', 'gef', 'mvc', 'fx', 'part', 'icont', 'part', 'org', 'eclips', 'gef', 'mvc', 'fx', 'part', 'iroot', 'part', 'org', 'eclips', 'gef', 'mvc', 'fx', 'part', 'ivisu', 'part', 'org', 'eclips', 'gef', 'mvc', 'fx', 'polici', 'delet', 'polici', 'javafx', 'scene', 'node', 'javafx', 'scene', 'control', 'context', 'menu', 'javafx', 'scene', 'control', 'menu', 'item', 'javafx', 'scene', 'input', 'mous', 'event', 'se', 'kau', 'cs', 'jittac', 'eclips', 'ui', 'part', 'connector', 'part', 'se', 'kau', 'cs', 'jittac', 'model', 'am', 'connector', 'se', 'kau', 'cs', 'jittac', 'eclipse', 'ui', 'policies']"
ShowArchitectureModelContextMenuOnClickHandler.java,eclipse-ui,"['io', 'file', 'io', 'file', 'not', 'found', 'except', 'io', 'file', 'output', 'stream', 'io', 'ioexcept', 'io', 'output', 'stream', 'text', 'simpl', 'date', 'format', 'util', 'date', 'org', 'eclips', 'core', 'resourc', 'ifil', 'org', 'eclips', 'core', 'runtim', 'ipath', 'org', 'eclips', 'gef', 'mvc', 'fx', 'handler', 'abstract', 'handler', 'org', 'eclips', 'gef', 'mvc', 'fx', 'handler', 'ion', 'click', 'handler', 'javafx', 'scene', 'node', 'javafx', 'scene', 'control', 'context', 'menu', 'javafx', 'scene', 'control', 'menu', 'item', 'javafx', 'scene', 'input', 'context', 'menu', 'event', 'javafx', 'scene', 'input', 'mous', 'event', 'se', 'kau', 'cs', 'jittac', 'eclips', 'model', 'manag', 'se', 'kau', 'cs', 'jittac', 'eclips', 'ui', 'part', 'architectur', 'model', 'part', 'se', 'kau', 'cs', 'jittac', 'model', 'am', 'architectur', 'model', 'se', 'kau', 'cs', 'jittac', 'model', 'report', 'plain', 'text', 'violat', 'report', 'se', 'kau', 'cs', 'jittac', 'eclipse', 'ui', 'policies']"
TestApplication.java,eclipse-ui,"['org', 'eclips', 'core', 'command', 'oper', 'iundo', 'context', 'org', 'eclips', 'gef', 'common', 'adapt', 'adapt', 'key', 'org', 'eclips', 'gef', 'mvc', 'fx', 'domain', 'historic', 'domain', 'org', 'eclips', 'gef', 'mvc', 'fx', 'domain', 'idomain', 'org', 'eclips', 'gef', 'mvc', 'fx', 'part', 'ivisu', 'part', 'org', 'eclips', 'gef', 'mvc', 'fx', 'viewer', 'iview', 'com', 'googl', 'inject', 'guic', 'javafx', 'applic', 'applic', 'javafx', 'applic', 'platform', 'javafx', 'scene', 'node', 'javafx', 'scene', 'scene', 'javafx', 'scene', 'control', 'button', 'javafx', 'scene', 'control', 'toggl', 'javafx', 'scene', 'control', 'toggl', 'button', 'javafx', 'scene', 'control', 'toggl', 'group', 'javafx', 'scene', 'layout', 'border', 'pane', 'javafx', 'scene', 'layout', 'hbox', 'javafx', 'scene', 'layout', 'vbox', 'javafx', 'stage', 'stage', 'se', 'kau', 'cs', 'jittac', 'eclips', 'ui', 'architectur', 'model', 'modul', 'se', 'kau', 'cs', 'jittac', 'eclips', 'ui', 'model', 'item', 'creation', 'model', 'se', 'kau', 'cs', 'jittac', 'eclips', 'ui', 'part', 'compon', 'part', 'se', 'kau', 'cs', 'jittac', 'model', 'am', 'architectur', 'model', 'se', 'kau', 'cs', 'jittac', 'model', 'am', 'compon', 'se', 'kau', 'cs', 'jittac', 'model', 'am', 'test', 'consol', 'architectur', 'model', 'listen', 'se', 'kau', 'cs', 'jittac', 'model', 'map', 'jittac', 'resourc', 'model', 'registri', 'se', 'kau', 'cs', 'jittac', 'model', 'map', 'test', 'jittac', 'resourc', 'stub', 'se', 'kau', 'cs', 'jittac', 'model', 'map', 'test', 'test', 'resourc', 'factori', 'se', 'kau', 'cs', 'jittac', 'eclipse', 'ui', 'visuals']"
TestOnDragHandler.java,eclipse-ui,"['org', 'eclips', 'gef', 'geometri', 'planar', 'dimens', 'org', 'eclips', 'gef', 'mvc', 'fx', 'handler', 'abstract', 'handler', 'org', 'eclips', 'gef', 'mvc', 'fx', 'handler', 'ion', 'drag', 'handler', 'javafx', 'scene', 'input', 'key', 'event', 'javafx', 'scene', 'input', 'mous', 'event', 'se', 'kau', 'cs', 'jittac', 'eclipse', 'ui', 'policies']"
XReferenceChangeDeltaEvent.java,impl-model,"['util', 'hash', 'set', 'util', 'set', 'se', 'kau', 'cs', 'jittac', 'model', 'im', 'ixrefer', 'se', 'kau', 'cs', 'jittac', 'model', 'im', 'events']"
